year,exp,zone,icao,type,cnt,thr_red_avg
2015,ssp126,Frigid,ENBO,Narrowbody,2918,12.5
2015,ssp126,Frigid,ENTC,Narrowbody,2918,12.4465
2015,ssp126,Subtropical,FALA,Narrowbody,2918,23.5134
2015,ssp126,Subtropical,FALE,Narrowbody,2918,21.2382
2015,ssp126,Subtropical,FAOR,Narrowbody,2918,23.6131
2015,ssp126,Subtropical,FQMA,Narrowbody,2066,13.1031
2015,ssp126,Subtropical,GCFV,Narrowbody,2918,13.7214
2015,ssp126,Subtropical,GCLA,Narrowbody,2313,11.0445
2015,ssp126,Subtropical,GCLP,Narrowbody,2918,14.1844
2015,ssp126,Subtropical,GCRR,Narrowbody,2918,10.7848
2015,ssp126,Subtropical,GCTS,Narrowbody,2918,15.8167
2015,ssp126,Subtropical,GCXO,Narrowbody,2918,16.2303
2015,ssp126,Subtropical,HEGN,Narrowbody,2918,20.5816
2015,ssp126,Subtropical,HEMA,Narrowbody,2918,14.7731
2015,ssp126,Subtropical,HESH,Narrowbody,2918,12.5
2015,ssp126,Subtropical,KFLL,Narrowbody,1459,0.00753941
2015,ssp126,Subtropical,KMCO,Narrowbody,1284,0.0163551
2015,ssp126,Subtropical,KMIA,Narrowbody,1714,5.40665
2015,ssp126,Subtropical,KPBI,Narrowbody,1050,0.633333
2015,ssp126,Subtropical,KPIE,Narrowbody,341,5.60704
2015,ssp126,Subtropical,KSAT,Narrowbody,292,0.010274
2015,ssp126,Subtropical,KSFB,Narrowbody,257,0
2015,ssp126,Subtropical,KSRQ,Narrowbody,288,4.21528
2015,ssp126,Subtropical,KTPA,Narrowbody,1082,11.7726
2015,ssp126,Subtropical,MMCL,Narrowbody,1476,11.3069
2015,ssp126,Subtropical,MMCU,Narrowbody,1382,10.6845
2015,ssp126,Subtropical,MMHO,Narrowbody,1460,6.60685
2015,ssp126,Subtropical,MMMY,Narrowbody,2484,10.2701
2015,ssp126,Subtropical,MYNN,Narrowbody,1526,5.51573
2015,ssp126,Subtropical,OBBI,Narrowbody,2918,20.365
2015,ssp126,Subtropical,OEDF,Narrowbody,2918,21.111
2015,ssp126,Subtropical,OEGS,Narrowbody,2918,15.4873
2015,ssp126,Subtropical,OEHL,Narrowbody,2918,19.3982
2015,ssp126,Subtropical,OEMA,Narrowbody,2918,17.5308
2015,ssp126,Subtropical,OERK,Narrowbody,2918,21.6669
2015,ssp126,Subtropical,OETB,Narrowbody,2918,19.6936
2015,ssp126,Subtropical,OISS,Narrowbody,2918,24.2533
2015,ssp126,Subtropical,OKBK,Narrowbody,2918,19.267
2015,ssp126,Subtropical,OMAA,Narrowbody,2918,23.0576
2015,ssp126,Subtropical,OMDB,Narrowbody,2918,22.8211
2015,ssp126,Subtropical,OMDW,Narrowbody,2918,23.0141
2015,ssp126,Subtropical,OMSJ,Narrowbody,2918,20.792
2015,ssp126,Subtropical,OOMS,Narrowbody,2918,20.623
2015,ssp126,Subtropical,OPKC,Narrowbody,2918,16.1138
2015,ssp126,Subtropical,OTHH,Narrowbody,2918,24.72
2015,ssp126,Subtropical,RCBS,Narrowbody,2918,11.7334
2015,ssp126,Subtropical,RCMQ,Narrowbody,2918,17.6618
2015,ssp126,Subtropical,RCQC,Narrowbody,2918,14.8256
2015,ssp126,Subtropical,RCSS,Narrowbody,2918,12.172
2015,ssp126,Subtropical,RCTP,Narrowbody,2918,19.5048
2015,ssp126,Subtropical,RJKA,Narrowbody,1546,9.163
2015,ssp126,Subtropical,ROAH,Narrowbody,2918,12.5
2015,ssp126,Subtropical,ROIG,Narrowbody,1545,9.38188
2015,ssp126,Subtropical,ROMY,Narrowbody,1545,9.32751
2015,ssp126,Subtropical,SARI,Narrowbody,2918,14.1696
2015,ssp126,Subtropical,SASA,Narrowbody,2813,11.8386
2015,ssp126,Subtropical,SBCT,Narrowbody,1373,3.27167
2015,ssp126,Subtropical,SBFI,Narrowbody,2386,8.75063
2015,ssp126,Subtropical,SBFL,Narrowbody,996,11.3886
2015,ssp126,Subtropical,SBNF,Narrowbody,452,0
2015,ssp126,Subtropical,SBPA,Narrowbody,1461,6.63997
2015,ssp126,Subtropical,SBSP,Narrowbody,1446,0.230982
2015,ssp126,Subtropical,SCFA,Narrowbody,2918,12.2347
2015,ssp126,Subtropical,SCSE,Narrowbody,1690,10.1544
2015,ssp126,Subtropical,SGAS,Narrowbody,2918,12.7786
2015,ssp126,Subtropical,VAUD,Narrowbody,949,0.00210748
2015,ssp126,Subtropical,VEAT,Narrowbody,2100,11.3514
2015,ssp126,Subtropical,VEBN,Narrowbody,2918,12.2687
2015,ssp126,Subtropical,VEGT,Narrowbody,2918,13.7786
2015,ssp126,Subtropical,VEIM,Narrowbody,2918,12.2378
2015,ssp126,Subtropical,VEPT,Narrowbody,1608,10.018
2015,ssp126,Subtropical,VGHS,Narrowbody,2918,17.6844
2015,ssp126,Subtropical,VIDP,Narrowbody,2443,12.7826
2015,ssp126,Subtropical,VIJP,Narrowbody,2918,11.1511
2015,ssp126,Subtropical,VILK,Narrowbody,2918,11.791
2015,ssp126,Subtropical,VNKT,Narrowbody,2918,15.3609
2015,ssp126,Subtropical,YBBN,Narrowbody,2918,18.5216
2015,ssp126,Subtropical,YBCG,Narrowbody,1584,11.2563
2015,ssp126,Subtropical,YBSU,Narrowbody,2918,11.5264
2015,ssp126,Subtropical,ZGCD,Narrowbody,2918,12.5
2015,ssp126,Subtropical,ZGDY,Narrowbody,2918,12.476
2015,ssp126,Subtropical,ZGHA,Narrowbody,2918,19.4692
2015,ssp126,Subtropical,ZGKL,Narrowbody,2918,15.9411
2015,ssp126,Subtropical,ZGOW,Narrowbody,2918,14.4712
2015,ssp126,Subtropical,ZGZH,Narrowbody,2918,12.4979
2015,ssp126,Subtropical,ZPDL,Narrowbody,2918,11.268
2015,ssp126,Subtropical,ZPLJ,Narrowbody,2918,12.5
2015,ssp126,Subtropical,ZPMS,Narrowbody,2918,11.7629
2015,ssp126,Subtropical,ZPPP,Narrowbody,2918,22.0802
2015,ssp126,Subtropical,ZSAM,Narrowbody,2918,16.1624
2015,ssp126,Subtropical,ZSCN,Narrowbody,2918,16.5788
2015,ssp126,Subtropical,ZSFZ,Narrowbody,2918,17.77
2015,ssp126,Subtropical,ZSLQ,Narrowbody,2512,10.8722
2015,ssp126,Subtropical,ZSNB,Narrowbody,2918,14.9589
2015,ssp126,Subtropical,ZSQZ,Narrowbody,2918,11.5775
2015,ssp126,Subtropical,ZSWZ,Narrowbody,2918,14.6073
2015,ssp126,Subtropical,ZSYW,Narrowbody,2918,12.5
2015,ssp126,Subtropical,ZSZS,Narrowbody,2918,11.2491
2015,ssp126,Subtropical,ZUCK,Narrowbody,2918,19.304
2015,ssp126,Subtropical,ZUGY,Narrowbody,2918,20.4058
2015,ssp126,Subtropical,ZULS,Narrowbody,2918,20.2999
2015,ssp126,Subtropical,ZUXC,Narrowbody,2918,17.7827
2015,ssp126,Subtropical,ZUYI,Narrowbody,2918,12.438
2015,ssp126,Subtropical,ZUZY,Narrowbody,2918,12.4633
2015,ssp126,Temperate,BIKF,Narrowbody,2918,14.2186
2015,ssp126,Temperate,BKPR,Narrowbody,2918,12.0134
2015,ssp126,Temperate,CYEG,Narrowbody,2918,18.5668
2015,ssp126,Temperate,CYHZ,Narrowbody,2592,11.7292
2015,ssp126,Temperate,CYLW,Narrowbody,2918,12.2783
2015,ssp126,Temperate,CYOW,Narrowbody,1860,11.0194
2015,ssp126,Temperate,CYQB,Narrowbody,1283,8.59314
2015,ssp126,Temperate,CYQR,Narrowbody,2243,10.4369
2015,ssp126,Temperate,CYUL,Narrowbody,2164,8.54436
2015,ssp126,Temperate,CYVR,Narrowbody,2903,16.6948
2015,ssp126,Temperate,CYWG,Narrowbody,2918,14.0511
2015,ssp126,Temperate,CYXE,Narrowbody,2539,11.7641
2015,ssp126,Temperate,CYYC,Narrowbody,2627,17.362
2015,ssp126,Temperate,CYYJ,Narrowbody,1808,5.28429
2015,ssp126,Temperate,CYYT,Narrowbody,2216,10.125
2015,ssp126,Temperate,CYYZ,Narrowbody,2915,12.1997
2015,ssp126,Temperate,DAAG,Narrowbody,2918,19.6556
2015,ssp126,Temperate,DAOO,Narrowbody,2918,19.5332
2015,ssp126,Temperate,DTMB,Narrowbody,2918,12.5
2015,ssp126,Temperate,DTTA,Narrowbody,2918,14.7334
2015,ssp126,Temperate,DTTJ,Narrowbody,2918,15.609
2015,ssp126,Temperate,EBBR,Narrowbody,2918,17.572
2015,ssp126,Temperate,EBCI,Narrowbody,2918,12.4092
2015,ssp126,Temperate,EDDB,Narrowbody,2918,22.9973
2015,ssp126,Temperate,EDDC,Narrowbody,2918,12.5
2015,ssp126,Temperate,EDDF,Narrowbody,2918,23.0219
2015,ssp126,Temperate,EDDH,Narrowbody,2918,20.0305
2015,ssp126,Temperate,EDDK,Narrowbody,2918,17.1391
2015,ssp126,Temperate,EDDL,Narrowbody,2918,12.4976
2015,ssp126,Temperate,EDDM,Narrowbody,2918,23.1059
2015,ssp126,Temperate,EDDN,Narrowbody,2918,12.4983
2015,ssp126,Temperate,EDDP,Narrowbody,2918,22.2502
2015,ssp126,Temperate,EDDS,Narrowbody,2918,14.0905
2015,ssp126,Temperate,EDDV,Narrowbody,2918,17.9284
2015,ssp126,Temperate,EDDW,Narrowbody,2408,11.1478
2015,ssp126,Temperate,EDFH,Narrowbody,2918,20.9774
2015,ssp126,Temperate,EDJA,Narrowbody,2918,12.4966
2015,ssp126,Temperate,EDLV,Narrowbody,2916,11.942
2015,ssp126,Temperate,EDLW,Narrowbody,2313,11.0329
2015,ssp126,Temperate,EDSB,Narrowbody,2918,12.5
2015,ssp126,Temperate,EETN,Narrowbody,2918,17.2844
2015,ssp126,Temperate,EFHK,Narrowbody,2918,14.2659
2015,ssp126,Temperate,EFOU,Narrowbody,2918,10.9805
2015,ssp126,Temperate,EGAA,Narrowbody,2747,14.1289
2015,ssp126,Temperate,EGAC,Narrowbody,2027,10.6897
2015,ssp126,Temperate,EGBB,Narrowbody,2918,15.0949
2015,ssp126,Temperate,EGCC,Narrowbody,2918,19.4277
2015,ssp126,Temperate,EGCN,Narrowbody,2918,12.5
2015,ssp126,Temperate,EGFF,Narrowbody,2918,12.1967
2015,ssp126,Temperate,EGGD,Narrowbody,2756,12.1459
2015,ssp126,Temperate,EGGP,Narrowbody,2916,16.523
2015,ssp126,Temperate,EGGW,Narrowbody,2918,17.8684
2015,ssp126,Temperate,EGHI,Narrowbody,1613,3.24179
2015,ssp126,Temperate,EGJJ,Narrowbody,2558,11.6079
2015,ssp126,Temperate,EGKK,Narrowbody,2918,18.964
2015,ssp126,Temperate,EGLC,Narrowbody,801,0
2015,ssp126,Temperate,EGLL,Narrowbody,2918,22.4071
2015,ssp126,Temperate,EGMC,Narrowbody,1627,0
2015,ssp126,Temperate,EGNM,Narrowbody,2918,13.9167
2015,ssp126,Temperate,EGNT,Narrowbody,2917,11.8125
2015,ssp126,Temperate,EGNX,Narrowbody,2918,18.3197
2015,ssp126,Temperate,EGPD,Narrowbody,1540,11.189
2015,ssp126,Temperate,EGPF,Narrowbody,2918,14.7118
2015,ssp126,Temperate,EGPH,Narrowbody,2918,12.4753
2015,ssp126,Temperate,EGSS,Narrowbody,2918,18.2947
2015,ssp126,Temperate,EHAM,Narrowbody,2865,19.8457
2015,ssp126,Temperate,EHEH,Narrowbody,2918,12.5
2015,ssp126,Temperate,EHRD,Narrowbody,2815,11.0931
2015,ssp126,Temperate,EICK,Narrowbody,1909,7.05867
2015,ssp126,Temperate,EIDW,Narrowbody,2890,11.9869
2015,ssp126,Temperate,EINN,Narrowbody,2918,18.1289
2015,ssp126,Temperate,EKBI,Narrowbody,2918,13.865
2015,ssp126,Temperate,EKCH,Narrowbody,2917,16.2873
2015,ssp126,Temperate,EKYT,Narrowbody,2918,12.4692
2015,ssp126,Temperate,ELLX,Narrowbody,2918,22.7214
2015,ssp126,Temperate,ENAL,Narrowbody,2913,11.4219
2015,ssp126,Temperate,ENBR,Narrowbody,2918,16.8129
2015,ssp126,Temperate,ENCN,Narrowbody,2564,11.101
2015,ssp126,Temperate,ENGM,Narrowbody,2918,20.5134
2015,ssp126,Temperate,ENTO,Narrowbody,2918,12.5
2015,ssp126,Temperate,ENVA,Narrowbody,2918,12.5
2015,ssp126,Temperate,ENZV,Narrowbody,2918,12.4496
2015,ssp126,Temperate,EPGD,Narrowbody,2918,12.5
2015,ssp126,Temperate,EPKK,Narrowbody,2910,12.0639
2015,ssp126,Temperate,EPKT,Narrowbody,2918,16.7437
2015,ssp126,Temperate,EPMO,Narrowbody,2918,12.196
2015,ssp126,Temperate,EPPO,Narrowbody,2918,12.2152
2015,ssp126,Temperate,EPWA,Narrowbody,2916,16.0158
2015,ssp126,Temperate,EPWR,Narrowbody,2918,12.1957
2015,ssp126,Temperate,ESGG,Narrowbody,2918,18.0997
2015,ssp126,Temperate,ESKN,Narrowbody,2752,11.7805
2015,ssp126,Temperate,ESMS,Narrowbody,1466,17.5587
2015,ssp126,Temperate,ESPA,Narrowbody,2918,22.221
2015,ssp126,Temperate,ESSA,Narrowbody,2918,15.5188
2015,ssp126,Temperate,ESSB,Narrowbody,1463,0
2015,ssp126,Temperate,EVRA,Narrowbody,2918,16.4548
2015,ssp126,Temperate,EYKA,Narrowbody,2918,19.3855
2015,ssp126,Temperate,EYVI,Narrowbody,2918,12.5
2015,ssp126,Temperate,FACT,Narrowbody,2159,13.5989
2015,ssp126,Temperate,FAPE,Narrowbody,2013,7.46051
2015,ssp126,Temperate,GMAD,Narrowbody,2918,15.9935
2015,ssp126,Temperate,GMFF,Narrowbody,2918,17.9215
2015,ssp126,Temperate,GMME,Narrowbody,2918,19.6203
2015,ssp126,Temperate,GMMN,Narrowbody,2918,23.4068
2015,ssp126,Temperate,GMMX,Narrowbody,2918,16.5288
2015,ssp126,Temperate,GMTT,Narrowbody,2918,20.05
2015,ssp126,Temperate,HEBA,Narrowbody,2918,17.025
2015,ssp126,Temperate,HECA,Narrowbody,2918,21.8389
2015,ssp126,Temperate,KABQ,Narrowbody,1552,5.93557
2015,ssp126,Temperate,KACY,Narrowbody,1837,9.92488
2015,ssp126,Temperate,KALB,Narrowbody,1503,5.98004
2015,ssp126,Temperate,KATL,Narrowbody,9,0
2015,ssp126,Temperate,KBDL,Narrowbody,1909,7.65689
2015,ssp126,Temperate,KBHM,Narrowbody,7,0
2015,ssp126,Temperate,KBNA,Narrowbody,50,0
2015,ssp126,Temperate,KBOI,Narrowbody,2918,14.0223
2015,ssp126,Temperate,KBOS,Narrowbody,2091,9.8087
2015,ssp126,Temperate,KBTV,Narrowbody,959,9.22315
2015,ssp126,Temperate,KBUF,Narrowbody,1722,7.08653
2015,ssp126,Temperate,KBUR,Narrowbody,1218,0.965517
2015,ssp126,Temperate,KBWI,Narrowbody,2332,10.7033
2015,ssp126,Temperate,KBZN,Narrowbody,961,7.69095
2015,ssp126,Temperate,KCID,Narrowbody,1468,9.22003
2015,ssp126,Temperate,KCLE,Narrowbody,979,6.37896
2015,ssp126,Temperate,KCMH,Narrowbody,1498,4.84646
2015,ssp126,Temperate,KCOS,Narrowbody,544,0.909926
2015,ssp126,Temperate,KCVG,Narrowbody,988,0.172065
2015,ssp126,Temperate,KDAY,Narrowbody,1377,6.40668
2015,ssp126,Temperate,KDCA,Narrowbody,173,0.0231214
2015,ssp126,Temperate,KDEN,Narrowbody,1933,7.62649
2015,ssp126,Temperate,KDFW,Narrowbody,1,0
2015,ssp126,Temperate,KDSM,Narrowbody,1923,10.5585
2015,ssp126,Temperate,KDTW,Narrowbody,1842,9.80836
2015,ssp126,Temperate,KELP,Narrowbody,2918,13.9918
2015,ssp126,Temperate,KEUG,Narrowbody,2672,10.8694
2015,ssp126,Temperate,KEWR,Narrowbody,1959,7.07708
2015,ssp126,Temperate,KFAT,Narrowbody,2706,10.395
2015,ssp126,Temperate,KFSD,Narrowbody,871,0.780712
2015,ssp126,Temperate,KGEG,Narrowbody,2911,14.3617
2015,ssp126,Temperate,KGRR,Narrowbody,2185,9.77437
2015,ssp126,Temperate,KGSO,Narrowbody,433,0
2015,ssp126,Temperate,KHPN,Narrowbody,565,0.168142
2015,ssp126,Temperate,KIAD,Narrowbody,2575,10.4369
2015,ssp126,Temperate,KICT,Narrowbody,2076,8.3579
2015,ssp126,Temperate,KIND,Narrowbody,1469,7.26208
2015,ssp126,Temperate,KISP,Narrowbody,655,1.90076
2015,ssp126,Temperate,KIWA,Narrowbody,1459,3.88965
2015,ssp126,Temperate,KJFK,Narrowbody,2918,15.4606
2015,ssp126,Temperate,KLAS,Narrowbody,2918,12.9102
2015,ssp126,Temperate,KLAX,Narrowbody,2917,11.2725
2015,ssp126,Temperate,KLGA,Narrowbody,1455,1.8701
2015,ssp126,Temperate,KLGB,Narrowbody,1906,8.30535
2015,ssp126,Temperate,KMCI,Narrowbody,2745,11.1275
2015,ssp126,Temperate,KMDT,Narrowbody,2518,10.7649
2015,ssp126,Temperate,KMDW,Narrowbody,1456,1.97802
2015,ssp126,Temperate,KMFR,Narrowbody,2918,11.8879
2015,ssp126,Temperate,KMHT,Narrowbody,1947,9.72779
2015,ssp126,Temperate,KMKE,Narrowbody,1913,10.598
2015,ssp126,Temperate,KMSN,Narrowbody,1245,5.34699
2015,ssp126,Temperate,KMSP,Narrowbody,2632,11.9799
2015,ssp126,Temperate,KOAK,Narrowbody,1962,6.95872
2015,ssp126,Temperate,KOMA,Narrowbody,1916,9.65188
2015,ssp126,Temperate,KONT,Narrowbody,2917,11.0281
2015,ssp126,Temperate,KORD,Narrowbody,2435,12.8949
2015,ssp126,Temperate,KORF,Narrowbody,825,5.2097
2015,ssp126,Temperate,KPDX,Narrowbody,2360,14.0436
2015,ssp126,Temperate,KPHL,Narrowbody,1454,9.1066
2015,ssp126,Temperate,KPHX,Narrowbody,1459,6.06991
2015,ssp126,Temperate,KPIT,Narrowbody,2555,12.1659
2015,ssp126,Temperate,KPSP,Narrowbody,1459,3.89308
2015,ssp126,Temperate,KPWM,Narrowbody,1339,3.76774
2015,ssp126,Temperate,KRDU,Narrowbody,979,0.0102145
2015,ssp126,Temperate,KRIC,Narrowbody,671,2.87779
2015,ssp126,Temperate,KRNO,Narrowbody,2144,10.2323
2015,ssp126,Temperate,KROC,Narrowbody,796,1.799
2015,ssp126,Temperate,KSAN,Narrowbody,1499,9.94263
2015,ssp126,Temperate,KSDF,Narrowbody,726,1.54821
2015,ssp126,Temperate,KSEA,Narrowbody,2918,17.5302
2015,ssp126,Temperate,KSFO,Narrowbody,2503,12.1231
2015,ssp126,Temperate,KSJC,Narrowbody,2885,10.3913
2015,ssp126,Temperate,KSLC,Narrowbody,1867,13.1098
2015,ssp126,Temperate,KSMF,Narrowbody,2872,10.5696
2015,ssp126,Temperate,KSNA,Narrowbody,320,0
2015,ssp126,Temperate,KSTL,Narrowbody,801,4.59176
2015,ssp126,Temperate,KSYR,Narrowbody,1601,7.18863
2015,ssp126,Temperate,KTUS,Narrowbody,1700,9.49824
2015,ssp126,Temperate,LATI,Narrowbody,2918,12.5
2015,ssp126,Temperate,LBBG,Narrowbody,2918,17.7759
2015,ssp126,Temperate,LBSF,Narrowbody,2918,20.3859
2015,ssp126,Temperate,LBWN,Narrowbody,2918,12.4918
2015,ssp126,Temperate,LCEN,Narrowbody,2918,12.4976
2015,ssp126,Temperate,LCLK,Narrowbody,2918,17.0267
2015,ssp126,Temperate,LCPH,Narrowbody,2918,15.0843
2015,ssp126,Temperate,LDDU,Narrowbody,2918,17.3441
2015,ssp126,Temperate,LDSP,Narrowbody,2918,12.3338
2015,ssp126,Temperate,LDZA,Narrowbody,2918,17.8324
2015,ssp126,Temperate,LEAL,Narrowbody,2918,12.5
2015,ssp126,Temperate,LEAS,Narrowbody,2900,11.1286
2015,ssp126,Temperate,LEBB,Narrowbody,2289,11.9817
2015,ssp126,Temperate,LEBL,Narrowbody,2918,15.9486
2015,ssp126,Temperate,LECO,Narrowbody,2918,11.8845
2015,ssp126,Temperate,LEGE,Narrowbody,2918,11.8598
2015,ssp126,Temperate,LEGR,Narrowbody,2918,12.5
2015,ssp126,Temperate,LEIB,Narrowbody,2918,12.5
2015,ssp126,Temperate,LEJR,Narrowbody,2785,10.8794
2015,ssp126,Temperate,LEMD,Narrowbody,2918,23.3523
2015,ssp126,Temperate,LEMG,Narrowbody,2918,17.5082
2015,ssp126,Temperate,LEMH,Narrowbody,2918,12.0086
2015,ssp126,Temperate,LEMI,Narrowbody,2918,12.5
2015,ssp126,Temperate,LEPA,Narrowbody,2918,17.7666
2015,ssp126,Temperate,LERS,Narrowbody,2918,12.4311
2015,ssp126,Temperate,LEST,Narrowbody,2918,17.2419
2015,ssp126,Temperate,LEVC,Narrowbody,2918,16.7046
2015,ssp126,Temperate,LEVX,Narrowbody,2918,12.1062
2015,ssp126,Temperate,LEXJ,Narrowbody,2915,11.4065
2015,ssp126,Temperate,LEZL,Narrowbody,2918,18.2848
2015,ssp126,Temperate,LFBD,Narrowbody,2918,16.4123
2015,ssp126,Temperate,LFBO,Narrowbody,2918,19.9157
2015,ssp126,Temperate,LFBZ,Narrowbody,2889,11.0658
2015,ssp126,Temperate,LFKB,Narrowbody,2918,12.4243
2015,ssp126,Temperate,LFKJ,Narrowbody,2918,12.1337
2015,ssp126,Temperate,LFLL,Narrowbody,2918,22.3249
2015,ssp126,Temperate,LFML,Narrowbody,2918,19.3705
2015,ssp126,Temperate,LFMN,Narrowbody,2918,19.5141
2015,ssp126,Temperate,LFMT,Narrowbody,2918,12.3622
2015,ssp126,Temperate,LFOB,Narrowbody,1558,12.3286
2015,ssp126,Temperate,LFPG,Narrowbody,2918,23.8701
2015,ssp126,Temperate,LFPO,Narrowbody,2918,17.6576
2015,ssp126,Temperate,LFQQ,Narrowbody,2325,12.0942
2015,ssp126,Temperate,LFRB,Narrowbody,2918,16.6412
2015,ssp126,Temperate,LFRS,Narrowbody,2918,12.5
2015,ssp126,Temperate,LFSB,Narrowbody,2276,11.8598
2015,ssp126,Temperate,LFST,Narrowbody,2918,12.462
2015,ssp126,Temperate,LGAV,Narrowbody,2918,22.1244
2015,ssp126,Temperate,LGIR,Narrowbody,2319,9.3122
2015,ssp126,Temperate,LGKO,Narrowbody,2915,11.1245
2015,ssp126,Temperate,LGKR,Narrowbody,2910,11.0959
2015,ssp126,Temperate,LGMK,Narrowbody,1606,9.18867
2015,ssp126,Temperate,LGRP,Narrowbody,2918,17.3914
2015,ssp126,Temperate,LGSA,Narrowbody,2918,17.0065
2015,ssp126,Temperate,LGSR,Narrowbody,2372,10.911
2015,ssp126,Temperate,LGTS,Narrowbody,2918,16.134
2015,ssp126,Temperate,LGZA,Narrowbody,2559,10.7968
2015,ssp126,Temperate,LHBP,Narrowbody,2918,20.902
2015,ssp126,Temperate,LIBD,Narrowbody,2918,12.5
2015,ssp126,Temperate,LIBR,Narrowbody,2278,14.367
2015,ssp126,Temperate,LICA,Narrowbody,2918,12.5
2015,ssp126,Temperate,LICC,Narrowbody,2918,12.0206
2015,ssp126,Temperate,LICJ,Narrowbody,2783,15.8782
2015,ssp126,Temperate,LIEA,Narrowbody,2918,15.8019
2015,ssp126,Temperate,LIEE,Narrowbody,2918,12.5
2015,ssp126,Temperate,LIEO,Narrowbody,2918,12.1947
2015,ssp126,Temperate,LIMC,Narrowbody,2918,22.7762
2015,ssp126,Temperate,LIME,Narrowbody,1738,12.5
2015,ssp126,Temperate,LIMF,Narrowbody,2918,20.4822
2015,ssp126,Temperate,LIMJ,Narrowbody,2918,12.5
2015,ssp126,Temperate,LIML,Narrowbody,2918,12.0747
2015,ssp126,Temperate,LIPE,Narrowbody,2918,12.5
2015,ssp126,Temperate,LIPH,Narrowbody,2918,12.1648
2015,ssp126,Temperate,LIPX,Narrowbody,2918,18.257
2015,ssp126,Temperate,LIPZ,Narrowbody,2918,18.8893
2015,ssp126,Temperate,LIRA,Narrowbody,2911,11.3195
2015,ssp126,Temperate,LIRF,Narrowbody,2918,20.8859
2015,ssp126,Temperate,LIRN,Narrowbody,2918,12.4983
2015,ssp126,Temperate,LIRP,Narrowbody,2918,17.0254
2015,ssp126,Temperate,LIRQ,Narrowbody,1502,0
2015,ssp126,Temperate,LJLJ,Narrowbody,2918,18.1237
2015,ssp126,Temperate,LKPR,Narrowbody,2918,22.2611
2015,ssp126,Temperate,LLBG,Narrowbody,2918,17.7293
2015,ssp126,Temperate,LMML,Narrowbody,2918,15.5332
2015,ssp126,Temperate,LOWS,Narrowbody,2918,12.4983
2015,ssp126,Temperate,LOWW,Narrowbody,2918,21.1066
2015,ssp126,Temperate,LPFR,Narrowbody,2918,12.3585
2015,ssp126,Temperate,LPMA,Narrowbody,2918,12.4976
2015,ssp126,Temperate,LPPD,Narrowbody,2918,12.2913
2015,ssp126,Temperate,LPPR,Narrowbody,2918,18.8674
2015,ssp126,Temperate,LPPT,Narrowbody,2913,16.6121
2015,ssp126,Temperate,LQSA,Narrowbody,2918,12.3934
2015,ssp126,Temperate,LRCL,Narrowbody,2559,10.9664
2015,ssp126,Temperate,LRIA,Narrowbody,1865,10.1217
2015,ssp126,Temperate,LROP,Narrowbody,2918,22.061
2015,ssp126,Temperate,LRTR,Narrowbody,2918,21.073
2015,ssp126,Temperate,LSGG,Narrowbody,2918,22.5326
2015,ssp126,Temperate,LSZH,Narrowbody,2918,16.5127
2015,ssp126,Temperate,LTAC,Narrowbody,2918,20.8523
2015,ssp126,Temperate,LTAF,Narrowbody,2918,12.4983
2015,ssp126,Temperate,LTAI,Narrowbody,2918,18.0223
2015,ssp126,Temperate,LTAJ,Narrowbody,2918,12.5
2015,ssp126,Temperate,LTAU,Narrowbody,2918,17.036
2015,ssp126,Temperate,LTBJ,Narrowbody,2918,16.6642
2015,ssp126,Temperate,LTBS,Narrowbody,2918,19.6803
2015,ssp126,Temperate,LTCB,Narrowbody,2918,12.5
2015,ssp126,Temperate,LTCC,Narrowbody,2918,19.183
2015,ssp126,Temperate,LTCG,Narrowbody,2918,12.4578
2015,ssp126,Temperate,LTCI,Narrowbody,2918,12.5
2015,ssp126,Temperate,LTDA,Narrowbody,2918,12.5
2015,ssp126,Temperate,LTFE,Narrowbody,2918,12.5
2015,ssp126,Temperate,LTFH,Narrowbody,2918,12.5
2015,ssp126,Temperate,LTFJ,Narrowbody,2918,15.6552
2015,ssp126,Temperate,LTFM,Narrowbody,2918,16.8934
2015,ssp126,Temperate,LUKK,Narrowbody,2918,16.6337
2015,ssp126,Temperate,LWSK,Narrowbody,2918,12.0956
2015,ssp126,Temperate,LYBE,Narrowbody,2918,18.8187
2015,ssp126,Temperate,LYPG,Narrowbody,2918,12.0576
2015,ssp126,Temperate,LYTV,Narrowbody,2918,12.0007
2015,ssp126,Temperate,LZIB,Narrowbody,2918,16.2276
2015,ssp126,Temperate,MMCS,Narrowbody,1842,6.53529
2015,ssp126,Temperate,MMML,Narrowbody,1460,6.96849
2015,ssp126,Temperate,MMTJ,Narrowbody,2856,10.4902
2015,ssp126,Temperate,NZAA,Narrowbody,2918,12.2748
2015,ssp126,Temperate,NZCH,Narrowbody,2289,9.70336
2015,ssp126,Temperate,NZDN,Narrowbody,1957,10.5733
2015,ssp126,Temperate,NZNS,Narrowbody,793,0
2015,ssp126,Temperate,NZQN,Narrowbody,1840,9.90326
2015,ssp126,Temperate,NZWN,Narrowbody,2888,11.2663
2015,ssp126,Temperate,OAKB,Narrowbody,2918,10.7389
2015,ssp126,Temperate,OIAW,Narrowbody,2918,18.584
2015,ssp126,Temperate,OIIE,Narrowbody,2918,23.5459
2015,ssp126,Temperate,OIII,Narrowbody,2918,21.9325
2015,ssp126,Temperate,OIMM,Narrowbody,2918,19.4064
2015,ssp126,Temperate,OITT,Narrowbody,2918,21.5195
2015,ssp126,Temperate,OJAI,Narrowbody,2918,24.0829
2015,ssp126,Temperate,OLBA,Narrowbody,2918,21.4777
2015,ssp126,Temperate,OPIS,Narrowbody,2918,13.7478
2015,ssp126,Temperate,OPLA,Narrowbody,2918,12.2313
2015,ssp126,Temperate,OPMT,Narrowbody,2918,10.6758
2015,ssp126,Temperate,OPPS,Narrowbody,1459,4.08636
2015,ssp126,Temperate,ORBI,Narrowbody,2918,21.4859
2015,ssp126,Temperate,ORER,Narrowbody,2918,24.8633
2015,ssp126,Temperate,ORNI,Narrowbody,2918,12.5
2015,ssp126,Temperate,PAFA,Narrowbody,2918,19.8852
2015,ssp126,Temperate,PANC,Narrowbody,2918,18.4441
2015,ssp126,Temperate,RJAA,Narrowbody,2918,21.352
2015,ssp126,Temperate,RJBB,Narrowbody,2918,21.3331
2015,ssp126,Temperate,RJBE,Narrowbody,2918,11.5559
2015,ssp126,Temperate,RJCC,Narrowbody,2918,12.5
2015,ssp126,Temperate,RJCH,Narrowbody,2918,12.5
2015,ssp126,Temperate,RJFF,Narrowbody,2918,12.4955
2015,ssp126,Temperate,RJFK,Narrowbody,2918,12.5
2015,ssp126,Temperate,RJFM,Narrowbody,2918,11.4623
2015,ssp126,Temperate,RJFO,Narrowbody,2918,12.5
2015,ssp126,Temperate,RJFR,Narrowbody,2918,11.5332
2015,ssp126,Temperate,RJFT,Narrowbody,2918,12.5
2015,ssp126,Temperate,RJFU,Narrowbody,2918,12.5
2015,ssp126,Temperate,RJGG,Narrowbody,2918,18.1573
2015,ssp126,Temperate,RJNA,Narrowbody,2918,12.4565
2015,ssp126,Temperate,RJNK,Narrowbody,2918,12.4345
2015,ssp126,Temperate,RJOA,Narrowbody,2918,12.5
2015,ssp126,Temperate,RJOB,Narrowbody,2918,12.5
2015,ssp126,Temperate,RJOK,Narrowbody,2918,11.4873
2015,ssp126,Temperate,RJOM,Narrowbody,2918,11.5069
2015,ssp126,Temperate,RJOO,Narrowbody,2918,12.5
2015,ssp126,Temperate,RJOS,Narrowbody,2918,11.4962
2015,ssp126,Temperate,RJOT,Narrowbody,2918,11.5432
2015,ssp126,Temperate,RJSA,Narrowbody,2918,12.5
2015,ssp126,Temperate,RJSK,Narrowbody,2918,11.7204
2015,ssp126,Temperate,RJSN,Narrowbody,1429,9.93282
2015,ssp126,Temperate,RJSS,Narrowbody,1489,12.1894
2015,ssp126,Temperate,RJTT,Narrowbody,2918,14.904
2015,ssp126,Temperate,RKJJ,Narrowbody,2918,15.561
2015,ssp126,Temperate,RKPC,Narrowbody,2372,15.9363
2015,ssp126,Temperate,RKPK,Narrowbody,2918,18.3163
2015,ssp126,Temperate,RKSI,Narrowbody,2918,22.8605
2015,ssp126,Temperate,RKSS,Narrowbody,2918,20.9973
2015,ssp126,Temperate,RKTN,Narrowbody,2918,12.4568
2015,ssp126,Temperate,RKTU,Narrowbody,2918,12.4709
2015,ssp126,Temperate,SABE,Narrowbody,1939,10.9809
2015,ssp126,Temperate,SACO,Narrowbody,2397,12.6975
2015,ssp126,Temperate,SAEZ,Narrowbody,2918,18.4102
2015,ssp126,Temperate,SAME,Narrowbody,2918,15.7389
2015,ssp126,Temperate,SAZN,Narrowbody,2918,12.3612
2015,ssp126,Temperate,SAZS,Narrowbody,2918,12.4548
2015,ssp126,Temperate,SCCI,Narrowbody,2633,10.5731
2015,ssp126,Temperate,SCEL,Narrowbody,2918,20.6385
2015,ssp126,Temperate,SCIE,Narrowbody,2918,12.4448
2015,ssp126,Temperate,SCQP,Narrowbody,2918,11.8263
2015,ssp126,Temperate,SCTE,Narrowbody,2918,12.4812
2015,ssp126,Temperate,SUMU,Narrowbody,2899,15.7192
2015,ssp126,Temperate,UAAA,Narrowbody,2918,19.1573
2015,ssp126,Temperate,UACC,Narrowbody,2918,16.609
2015,ssp126,Temperate,UBBB,Narrowbody,2918,21.3643
2015,ssp126,Temperate,UCFM,Narrowbody,2918,14.3273
2015,ssp126,Temperate,UCFO,Narrowbody,1459,3.41878
2015,ssp126,Temperate,UDYZ,Narrowbody,2918,22.8965
2015,ssp126,Temperate,UEEE,Narrowbody,2918,11.8749
2015,ssp126,Temperate,UGTB,Narrowbody,2918,15.9006
2015,ssp126,Temperate,UHHH,Narrowbody,2918,24.2841
2015,ssp126,Temperate,UHSS,Narrowbody,2918,20.0864
2015,ssp126,Temperate,UHWW,Narrowbody,2918,21.7707
2015,ssp126,Temperate,UIII,Narrowbody,2918,16.6851
2015,ssp126,Temperate,UKBB,Narrowbody,2918,23.0881
2015,ssp126,Temperate,UKKK,Narrowbody,2909,11.6047
2015,ssp126,Temperate,UKLL,Narrowbody,2918,18.0415
2015,ssp126,Temperate,UKOO,Narrowbody,2918,16.9191
2015,ssp126,Temperate,ULLI,Narrowbody,2918,20.06
2015,ssp126,Temperate,UMKK,Narrowbody,2918,19.9263
2015,ssp126,Temperate,UMMS,Narrowbody,2918,22.4435
2015,ssp126,Temperate,UNKL,Narrowbody,2918,23.2166
2015,ssp126,Temperate,UNNT,Narrowbody,2918,19.8026
2015,ssp126,Temperate,UNOO,Narrowbody,2918,12.0846
2015,ssp126,Temperate,URKA,Narrowbody,2918,12.5
2015,ssp126,Temperate,URKK,Narrowbody,2918,18.184
2015,ssp126,Temperate,URML,Narrowbody,2918,12.5
2015,ssp126,Temperate,URMM,Narrowbody,2918,23.8266
2015,ssp126,Temperate,URRP,Narrowbody,2918,22.0446
2015,ssp126,Temperate,URSS,Narrowbody,2917,12.4248
2015,ssp126,Temperate,URWW,Narrowbody,2918,16.2461
2015,ssp126,Temperate,USCC,Narrowbody,2918,14.5483
2015,ssp126,Temperate,USPP,Narrowbody,2918,11.8968
2015,ssp126,Temperate,USRR,Narrowbody,2918,12.3866
2015,ssp126,Temperate,USSS,Narrowbody,2918,12.6062
2015,ssp126,Temperate,USTR,Narrowbody,2918,12.9887
2015,ssp126,Temperate,UTAA,Narrowbody,2918,21.0141
2015,ssp126,Temperate,UTDD,Narrowbody,1850,11.2438
2015,ssp126,Temperate,UTTT,Narrowbody,2918,10.7114
2015,ssp126,Temperate,UUBW,Narrowbody,2918,24.8842
2015,ssp126,Temperate,UUDD,Narrowbody,2918,22.109
2015,ssp126,Temperate,UUEE,Narrowbody,2918,22.9743
2015,ssp126,Temperate,UUWW,Narrowbody,2918,19.7721
2015,ssp126,Temperate,UWKD,Narrowbody,2918,17.0918
2015,ssp126,Temperate,UWUU,Narrowbody,2918,15.1943
2015,ssp126,Temperate,UWWW,Narrowbody,2918,13.5785
2015,ssp126,Temperate,VIAR,Narrowbody,2918,12.1391
2015,ssp126,Temperate,VICG,Narrowbody,2907,10.6419
2015,ssp126,Temperate,VIDN,Narrowbody,1459,1.79712
2015,ssp126,Temperate,VIJU,Narrowbody,811,0.00616523
2015,ssp126,Temperate,VISR,Narrowbody,2918,12.0987
2015,ssp126,Temperate,YMAV,Narrowbody,2918,17.7049
2015,ssp126,Temperate,YMHB,Narrowbody,2918,12.499
2015,ssp126,Temperate,YMLT,Narrowbody,1307,11.251
2015,ssp126,Temperate,YMML,Narrowbody,2918,17.5404
2015,ssp126,Temperate,YPAD,Narrowbody,2247,14.656
2015,ssp126,Temperate,YPPH,Narrowbody,2460,15.0569
2015,ssp126,Temperate,YSCB,Narrowbody,2212,10.4561
2015,ssp126,Temperate,YSSY,Narrowbody,2918,18.2772
2015,ssp126,Temperate,YWLM,Narrowbody,2918,15.3958
2015,ssp126,Temperate,ZBAA,Narrowbody,2918,21.8256
2015,ssp126,Temperate,ZBAD,Narrowbody,2918,19.9774
2015,ssp126,Temperate,ZBDS,Narrowbody,2918,16.4085
2015,ssp126,Temperate,ZBDT,Narrowbody,2918,16.3554
2015,ssp126,Temperate,ZBHH,Narrowbody,2918,21.1371
2015,ssp126,Temperate,ZBLA,Narrowbody,2918,17.6234
2015,ssp126,Temperate,ZBOW,Narrowbody,2918,12.4774
2015,ssp126,Temperate,ZBSJ,Narrowbody,2918,19.6217
2015,ssp126,Temperate,ZBTJ,Narrowbody,2918,20.6343
2015,ssp126,Temperate,ZBYC,Narrowbody,2918,17.2889
2015,ssp126,Temperate,ZBYN,Narrowbody,2918,20.2149
2015,ssp126,Temperate,ZHCC,Narrowbody,2918,18.7296
2015,ssp126,Temperate,ZHES,Narrowbody,2918,12.3502
2015,ssp126,Temperate,ZHHH,Narrowbody,2918,18.3208
2015,ssp126,Temperate,ZHSY,Narrowbody,2918,12.5
2015,ssp126,Temperate,ZHXF,Narrowbody,2918,12.0315
2015,ssp126,Temperate,ZHYC,Narrowbody,2918,12.2803
2015,ssp126,Temperate,ZLIC,Narrowbody,2918,19.2022
2015,ssp126,Temperate,ZLLL,Narrowbody,2918,21.353
2015,ssp126,Temperate,ZLXN,Narrowbody,2918,18.9585
2015,ssp126,Temperate,ZLXY,Narrowbody,2918,20.3345
2015,ssp126,Temperate,ZLYL,Narrowbody,2918,16.2217
2015,ssp126,Temperate,ZMUB,Narrowbody,2764,13.4182
2015,ssp126,Temperate,ZSCG,Narrowbody,2918,17.061
2015,ssp126,Temperate,ZSHC,Narrowbody,2918,17.9688
2015,ssp126,Temperate,ZSJN,Narrowbody,2918,19.3108
2015,ssp126,Temperate,ZSLY,Narrowbody,2918,15.9558
2015,ssp126,Temperate,ZSNJ,Narrowbody,2918,18.7296
2015,ssp126,Temperate,ZSNT,Narrowbody,2918,17.0829
2015,ssp126,Temperate,ZSOF,Narrowbody,2918,16.8619
2015,ssp126,Temperate,ZSPD,Narrowbody,2918,20.5034
2015,ssp126,Temperate,ZSQD,Narrowbody,2918,17.6155
2015,ssp126,Temperate,ZSSH,Narrowbody,2918,12.4925
2015,ssp126,Temperate,ZSSS,Narrowbody,2918,16.0706
2015,ssp126,Temperate,ZSWH,Narrowbody,2918,12.2371
2015,ssp126,Temperate,ZSWX,Narrowbody,2918,15.2694
2015,ssp126,Temperate,ZSXZ,Narrowbody,2918,17.5332
2015,ssp126,Temperate,ZSYA,Narrowbody,2918,15.354
2015,ssp126,Temperate,ZSYN,Narrowbody,2918,12.4928
2015,ssp126,Temperate,ZSYT,Narrowbody,2918,18.1343
2015,ssp126,Temperate,ZUMY,Narrowbody,2871,10.6468
2015,ssp126,Temperate,ZUUU,Narrowbody,2918,18.4239
2015,ssp126,Temperate,ZUWX,Narrowbody,2884,10.6245
2015,ssp126,Temperate,ZWKL,Narrowbody,2918,12.8633
2015,ssp126,Temperate,ZWKM,Narrowbody,2918,12.3314
2015,ssp126,Temperate,ZWSH,Narrowbody,2897,10.5771
2015,ssp126,Temperate,ZWTN,Narrowbody,2918,12.1844
2015,ssp126,Temperate,ZWWW,Narrowbody,2918,18.0168
2015,ssp126,Temperate,ZWYN,Narrowbody,2160,10.806
2015,ssp126,Temperate,ZYCC,Narrowbody,2918,17.2786
2015,ssp126,Temperate,ZYHB,Narrowbody,2918,17.4068
2015,ssp126,Temperate,ZYMD,Narrowbody,2918,12.4143
2015,ssp126,Temperate,ZYTL,Narrowbody,2918,17.1415
2015,ssp126,Temperate,ZYTX,Narrowbody,2918,18.39
2015,ssp126,Temperate,ZYYJ,Narrowbody,2918,12.305
2015,ssp126,Tropical,AYPY,Narrowbody,2918,12.4387
2015,ssp126,Tropical,DGAA,Narrowbody,2918,15.0987
2015,ssp126,Tropical,DIAP,Narrowbody,2918,13.3472
2015,ssp126,Tropical,DNAA,Narrowbody,2918,19.6597
2015,ssp126,Tropical,DNMM,Narrowbody,2918,18.4798
2015,ssp126,Tropical,FIMP,Narrowbody,2918,17.8149
2015,ssp126,Tropical,FKKD,Narrowbody,2918,12.4993
2015,ssp126,Tropical,FMEE,Narrowbody,2918,17.2351
2015,ssp126,Tropical,FMMI,Narrowbody,2918,15.4537
2015,ssp126,Tropical,FNLU,Narrowbody,2918,14.9945
2015,ssp126,Tropical,FSIA,Narrowbody,2918,21.7971
2015,ssp126,Tropical,FVRG,Narrowbody,2918,24.4411
2015,ssp126,Tropical,FZAA,Narrowbody,2918,24.9986
2015,ssp126,Tropical,GOBD,Narrowbody,2918,17.5175
2015,ssp126,Tropical,GVAC,Narrowbody,2918,14.3979
2015,ssp126,Tropical,HAAB,Narrowbody,2918,19.7646
2015,ssp126,Tropical,HKJK,Narrowbody,2918,22.7886
2015,ssp126,Tropical,HKMO,Narrowbody,2267,14.7128
2015,ssp126,Tropical,HRYR,Narrowbody,2918,19.4551
2015,ssp126,Tropical,HTDA,Narrowbody,1788,15.4295
2015,ssp126,Tropical,HTZA,Narrowbody,2918,15.452
2015,ssp126,Tropical,HUEN,Narrowbody,2918,16.9589
2015,ssp126,Tropical,MBPV,Narrowbody,2918,11.086
2015,ssp126,Tropical,MDPC,Narrowbody,2918,16.7159
2015,ssp126,Tropical,MDSD,Narrowbody,2918,15.035
2015,ssp126,Tropical,MDST,Narrowbody,2890,9.56021
2015,ssp126,Tropical,MGGT,Narrowbody,2918,12.5
2015,ssp126,Tropical,MHLM,Narrowbody,2918,16.5984
2015,ssp126,Tropical,MKJP,Narrowbody,2918,17.3472
2015,ssp126,Tropical,MKJS,Narrowbody,2918,11.6203
2015,ssp126,Tropical,MMGL,Narrowbody,2596,15.5277
2015,ssp126,Tropical,MMLO,Narrowbody,2918,13.3125
2015,ssp126,Tropical,MMMD,Narrowbody,2432,11.5979
2015,ssp126,Tropical,MMMX,Narrowbody,2918,16.8218
2015,ssp126,Tropical,MMMZ,Narrowbody,2917,10.9571
2015,ssp126,Tropical,MMOX,Narrowbody,2708,9.88072
2015,ssp126,Tropical,MMPR,Narrowbody,2918,12.4195
2015,ssp126,Tropical,MMQT,Narrowbody,2918,13.3132
2015,ssp126,Tropical,MMSD,Narrowbody,2918,12.4836
2015,ssp126,Tropical,MMTG,Narrowbody,2862,9.63802
2015,ssp126,Tropical,MMUN,Narrowbody,2918,13.2245
2015,ssp126,Tropical,MMVA,Narrowbody,1757,11.3978
2015,ssp126,Tropical,MMVR,Narrowbody,1459,9.39616
2015,ssp126,Tropical,MNMG,Narrowbody,2918,11.5757
2015,ssp126,Tropical,MPTO,Narrowbody,2918,13.1607
2015,ssp126,Tropical,MRLB,Narrowbody,2918,12.2416
2015,ssp126,Tropical,MROC,Narrowbody,2918,12.5
2015,ssp126,Tropical,MSLP,Narrowbody,2918,14.5713
2015,ssp126,Tropical,MTPP,Narrowbody,2918,15.4431
2015,ssp126,Tropical,MUHA,Narrowbody,2918,13.6717
2015,ssp126,Tropical,MUVR,Narrowbody,2918,12.0093
2015,ssp126,Tropical,MWCR,Narrowbody,1459,2.9294
2015,ssp126,Tropical,MZBZ,Narrowbody,2918,14.2128
2015,ssp126,Tropical,NFFN,Narrowbody,2916,12.2455
2015,ssp126,Tropical,NTAA,Narrowbody,2918,12.2649
2015,ssp126,Tropical,OEAB,Narrowbody,2918,17.6542
2015,ssp126,Tropical,OEGN,Narrowbody,2918,14.6655
2015,ssp126,Tropical,OEJN,Narrowbody,2918,19.9986
2015,ssp126,Tropical,OETF,Narrowbody,2918,21.95
2015,ssp126,Tropical,OOSA,Narrowbody,2918,21.1868
2015,ssp126,Tropical,PGSN,Narrowbody,2314,11.8211
2015,ssp126,Tropical,PGUM,Narrowbody,2918,19.3684
2015,ssp126,Tropical,PHKO,Narrowbody,2918,12.6275
2015,ssp126,Tropical,PHLI,Narrowbody,1459,2.03016
2015,ssp126,Tropical,PHNL,Narrowbody,2906,11.882
2015,ssp126,Tropical,PHOG,Narrowbody,799,6.46058
2015,ssp126,Tropical,PHTO,Narrowbody,1673,8.12134
2015,ssp126,Tropical,RCKH,Narrowbody,2918,15.3934
2015,ssp126,Tropical,RPLC,Narrowbody,2918,16.5487
2015,ssp126,Tropical,RPLL,Narrowbody,2609,17.2568
2015,ssp126,Tropical,RPMD,Narrowbody,2918,15.123
2015,ssp126,Tropical,RPMR,Narrowbody,2918,15.8345
2015,ssp126,Tropical,RPMY,Narrowbody,2695,9.96438
2015,ssp126,Tropical,RPMZ,Narrowbody,2918,12.2245
2015,ssp126,Tropical,RPSP,Narrowbody,2918,12.0963
2015,ssp126,Tropical,RPVA,Narrowbody,1548,12.1176
2015,ssp126,Tropical,RPVB,Narrowbody,2857,12.0728
2015,ssp126,Tropical,RPVE,Narrowbody,1461,8.26352
2015,ssp126,Tropical,RPVI,Narrowbody,2918,12.3842
2015,ssp126,Tropical,RPVK,Narrowbody,2918,12.2817
2015,ssp126,Tropical,RPVM,Narrowbody,2918,12.3108
2015,ssp126,Tropical,RPVP,Narrowbody,2918,12.4764
2015,ssp126,Tropical,SBAR,Narrowbody,1948,10.5955
2015,ssp126,Tropical,SBBE,Narrowbody,2247,7.33823
2015,ssp126,Tropical,SBBR,Narrowbody,2918,13.208
2015,ssp126,Tropical,SBCF,Narrowbody,2918,19.4774
2015,ssp126,Tropical,SBCG,Narrowbody,2682,10.0254
2015,ssp126,Tropical,SBCY,Narrowbody,1665,12.23
2015,ssp126,Tropical,SBEG,Narrowbody,2097,11.0658
2015,ssp126,Tropical,SBFZ,Narrowbody,1459,10.7485
2015,ssp126,Tropical,SBGL,Narrowbody,2918,14.9184
2015,ssp126,Tropical,SBGO,Narrowbody,1596,11.1297
2015,ssp126,Tropical,SBGR,Narrowbody,2918,14.0696
2015,ssp126,Tropical,SBJP,Narrowbody,1459,7.79712
2015,ssp126,Tropical,SBKP,Narrowbody,2918,12.6323
2015,ssp126,Tropical,SBMO,Narrowbody,2818,11.2786
2015,ssp126,Tropical,SBPS,Narrowbody,1478,7.48985
2015,ssp126,Tropical,SBRF,Narrowbody,2918,12.5
2015,ssp126,Tropical,SBRJ,Narrowbody,1,0
2015,ssp126,Tropical,SBSG,Narrowbody,1459,8.91981
2015,ssp126,Tropical,SBSL,Narrowbody,1135,12.1577
2015,ssp126,Tropical,SBSV,Narrowbody,2466,14.8406
2015,ssp126,Tropical,SBTE,Narrowbody,1459,6.93626
2015,ssp126,Tropical,SBUL,Narrowbody,1460,4.81575
2015,ssp126,Tropical,SBVT,Narrowbody,1420,2.67324
2015,ssp126,Tropical,SCCF,Narrowbody,2918,15.0271
2015,ssp126,Tropical,SCDA,Narrowbody,2918,16.5171
2015,ssp126,Tropical,SEGU,Narrowbody,2918,11.3804
2015,ssp126,Tropical,SEQM,Narrowbody,2918,17.3396
2015,ssp126,Tropical,SKBG,Narrowbody,2360,10.578
2015,ssp126,Tropical,SKBO,Narrowbody,2918,19.4054
2015,ssp126,Tropical,SKBQ,Narrowbody,2918,12.4969
2015,ssp126,Tropical,SKCC,Narrowbody,1812,10.3013
2015,ssp126,Tropical,SKCG,Narrowbody,2027,11.591
2015,ssp126,Tropical,SKCL,Narrowbody,2918,12.7515
2015,ssp126,Tropical,SKMD,Narrowbody,1926,10.7383
2015,ssp126,Tropical,SKMR,Narrowbody,1936,11.5269
2015,ssp126,Tropical,SKPE,Narrowbody,1602,11.9288
2015,ssp126,Tropical,SKRG,Narrowbody,2918,16.2238
2015,ssp126,Tropical,SKSM,Narrowbody,1452,0
2015,ssp126,Tropical,SKSP,Narrowbody,1621,12.8267
2015,ssp126,Tropical,SLCB,Narrowbody,2918,16.4609
2015,ssp126,Tropical,SLLP,Narrowbody,2918,21.8526
2015,ssp126,Tropical,SLVR,Narrowbody,2918,21.7337
2015,ssp126,Tropical,SPJC,Narrowbody,2918,17.403
2015,ssp126,Tropical,SPQT,Narrowbody,2918,9.57231
2015,ssp126,Tropical,SPQU,Narrowbody,2918,12.5
2015,ssp126,Tropical,SPZO,Narrowbody,2913,15.7436
2015,ssp126,Tropical,SVMI,Narrowbody,2918,14.0565
2015,ssp126,Tropical,TAPA,Narrowbody,2918,12.5
2015,ssp126,Tropical,TBPB,Narrowbody,2918,16.4962
2015,ssp126,Tropical,TFFF,Narrowbody,2918,14.8554
2015,ssp126,Tropical,TFFR,Narrowbody,2918,13.3167
2015,ssp126,Tropical,TIST,Narrowbody,1782,10.4186
2015,ssp126,Tropical,TJSJ,Narrowbody,2883,13.4218
2015,ssp126,Tropical,TNCA,Narrowbody,2918,11.5473
2015,ssp126,Tropical,TNCC,Narrowbody,2918,15.0723
2015,ssp126,Tropical,TNCM,Narrowbody,2256,11.2668
2015,ssp126,Tropical,TTCP,Narrowbody,2918,12.3156
2015,ssp126,Tropical,TTPP,Narrowbody,2918,16.34
2015,ssp126,Tropical,VAAH,Narrowbody,2918,15.7423
2015,ssp126,Tropical,VABB,Narrowbody,2918,12.9866
2015,ssp126,Tropical,VABO,Narrowbody,2918,9.59698
2015,ssp126,Tropical,VABP,Narrowbody,1459,0.160384
2015,ssp126,Tropical,VAID,Narrowbody,1459,1.71282
2015,ssp126,Tropical,VANP,Narrowbody,1459,8.71282
2015,ssp126,Tropical,VAPO,Narrowbody,1871,11.8942
2015,ssp126,Tropical,VASU,Narrowbody,2282,12.3554
2015,ssp126,Tropical,VCBI,Narrowbody,2918,17.7762
2015,ssp126,Tropical,VDPP,Narrowbody,2918,12.5
2015,ssp126,Tropical,VDSR,Narrowbody,2918,11.5435
2015,ssp126,Tropical,VDSV,Narrowbody,2918,10.7416
2015,ssp126,Tropical,VEBS,Narrowbody,1269,10.9898
2015,ssp126,Tropical,VECC,Narrowbody,2918,17.5254
2015,ssp126,Tropical,VERC,Narrowbody,2918,12.3448
2015,ssp126,Tropical,VERP,Narrowbody,1459,4.78684
2015,ssp126,Tropical,VGEG,Narrowbody,2918,15.4585
2015,ssp126,Tropical,VHHH,Narrowbody,2918,21.4051
2015,ssp126,Tropical,VLVT,Narrowbody,2918,13.8698
2015,ssp126,Tropical,VMMC,Narrowbody,2918,14.8876
2015,ssp126,Tropical,VOBL,Narrowbody,2918,19.6984
2015,ssp126,Tropical,VOBZ,Narrowbody,1554,11.6197
2015,ssp126,Tropical,VOCB,Narrowbody,2918,12.5
2015,ssp126,Tropical,VOCI,Narrowbody,2918,16.22
2015,ssp126,Tropical,VOCL,Narrowbody,2918,12.0141
2015,ssp126,Tropical,VOGO,Narrowbody,2918,17.0644
2015,ssp126,Tropical,VOHS,Narrowbody,2918,19.2049
2015,ssp126,Tropical,VOKN,Narrowbody,2918,12.5
2015,ssp126,Tropical,VOMD,Narrowbody,2918,11.743
2015,ssp126,Tropical,VOML,Narrowbody,2665,10.7242
2015,ssp126,Tropical,VOMM,Narrowbody,2918,16.8924
2015,ssp126,Tropical,VOPB,Narrowbody,2918,14.4006
2015,ssp126,Tropical,VOTR,Narrowbody,2786,10.4304
2015,ssp126,Tropical,VOTV,Narrowbody,2918,14.4092
2015,ssp126,Tropical,VOVZ,Narrowbody,304,11.8191
2015,ssp126,Tropical,VRMM,Narrowbody,2918,12.7252
2015,ssp126,Tropical,VTBD,Narrowbody,2918,19.3211
2015,ssp126,Tropical,VTBS,Narrowbody,2918,23.4267
2015,ssp126,Tropical,VTBU,Narrowbody,2918,18.2868
2015,ssp126,Tropical,VTCC,Narrowbody,2918,14.1199
2015,ssp126,Tropical,VTCT,Narrowbody,2918,12.5
2015,ssp126,Tropical,VTSB,Narrowbody,2918,12.5
2015,ssp126,Tropical,VTSF,Narrowbody,1459,6.7464
2015,ssp126,Tropical,VTSG,Narrowbody,2918,12.5
2015,ssp126,Tropical,VTSM,Narrowbody,1459,3.25703
2015,ssp126,Tropical,VTSP,Narrowbody,2918,12.4945
2015,ssp126,Tropical,VTSS,Narrowbody,2918,12.5
2015,ssp126,Tropical,VTUD,Narrowbody,2918,12.5
2015,ssp126,Tropical,VTUK,Narrowbody,2918,12.5
2015,ssp126,Tropical,VTUU,Narrowbody,2918,12.5
2015,ssp126,Tropical,VVCI,Narrowbody,2918,12.5
2015,ssp126,Tropical,VVCR,Narrowbody,2918,13.4654
2015,ssp126,Tropical,VVCT,Narrowbody,2918,12.4695
2015,ssp126,Tropical,VVDL,Narrowbody,2918,16.6823
2015,ssp126,Tropical,VVDN,Narrowbody,2918,18.5346
2015,ssp126,Tropical,VVNB,Narrowbody,2918,21.1117
2015,ssp126,Tropical,VVPB,Narrowbody,2918,12.4966
2015,ssp126,Tropical,VVPC,Narrowbody,2918,15.0274
2015,ssp126,Tropical,VVPQ,Narrowbody,2918,13.3235
2015,ssp126,Tropical,VVTS,Narrowbody,2918,16.5151
2015,ssp126,Tropical,VVVH,Narrowbody,2918,11.1443
2015,ssp126,Tropical,VYMD,Narrowbody,2918,21.2824
2015,ssp126,Tropical,VYYY,Narrowbody,2918,15.7419
2015,ssp126,Tropical,WAAA,Narrowbody,2918,12.0254
2015,ssp126,Tropical,WADD,Narrowbody,2918,12.5014
2015,ssp126,Tropical,WADL,Narrowbody,2918,12.5
2015,ssp126,Tropical,WAHH,Narrowbody,1463,11.0472
2015,ssp126,Tropical,WAHQ,Narrowbody,2918,10.8132
2015,ssp126,Tropical,WAHS,Narrowbody,2918,11.1179
2015,ssp126,Tropical,WAJJ,Narrowbody,2918,14.1456
2015,ssp126,Tropical,WALL,Narrowbody,2918,11.0103
2015,ssp126,Tropical,WAMM,Narrowbody,2918,9.878
2015,ssp126,Tropical,WAOO,Narrowbody,2918,9.77416
2015,ssp126,Tropical,WAPP,Narrowbody,2677,9.56444
2015,ssp126,Tropical,WAQQ,Narrowbody,1459,6.97327
2015,ssp126,Tropical,WARA,Narrowbody,2918,9.81426
2015,ssp126,Tropical,WARR,Narrowbody,2918,14.2529
2015,ssp126,Tropical,WASS,Narrowbody,2918,11.3986
2015,ssp126,Tropical,WATT,Narrowbody,2914,9.64482
2015,ssp126,Tropical,WAWW,Narrowbody,2918,10.0168
2015,ssp126,Tropical,WBGB,Narrowbody,2918,9.98938
2015,ssp126,Tropical,WBGG,Narrowbody,2918,16.5291
2015,ssp126,Tropical,WBGR,Narrowbody,1459,12.8951
2015,ssp126,Tropical,WBGS,Narrowbody,2918,11.2056
2015,ssp126,Tropical,WBKK,Narrowbody,2918,13.8372
2015,ssp126,Tropical,WBKS,Narrowbody,1336,0
2015,ssp126,Tropical,WBKW,Narrowbody,2910,9.01443
2015,ssp126,Tropical,WBSB,Narrowbody,2918,12.5511
2015,ssp126,Tropical,WIBB,Narrowbody,1459,8.62509
2015,ssp126,Tropical,WICC,Narrowbody,1459,9.66484
2015,ssp126,Tropical,WIDD,Narrowbody,2918,13.0727
2015,ssp126,Tropical,WIEE,Narrowbody,2918,11.7748
2015,ssp126,Tropical,WIHH,Narrowbody,2918,12.5
2015,ssp126,Tropical,WIII,Narrowbody,2918,15.2831
2015,ssp126,Tropical,WIJJ,Narrowbody,2918,11.6025
2015,ssp126,Tropical,WIKT,Narrowbody,2918,10.1292
2015,ssp126,Tropical,WILL,Narrowbody,2918,12.1265
2015,ssp126,Tropical,WIMM,Narrowbody,2918,19.2402
2015,ssp126,Tropical,WIOO,Narrowbody,1459,9.76422
2015,ssp126,Tropical,WIPP,Narrowbody,2918,12.5
2015,ssp126,Tropical,WITT,Narrowbody,2918,12.831
2015,ssp126,Tropical,WMKC,Narrowbody,2898,8.84127
2015,ssp126,Tropical,WMKJ,Narrowbody,2918,12.5
2015,ssp126,Tropical,WMKK,Narrowbody,2918,20.3225
2015,ssp126,Tropical,WMKL,Narrowbody,2918,17.416
2015,ssp126,Tropical,WMKN,Narrowbody,2918,13.4565
2015,ssp126,Tropical,WMKP,Narrowbody,2918,13.9839
2015,ssp126,Tropical,WMSA,Narrowbody,2918,18.5565
2015,ssp126,Tropical,WSSS,Narrowbody,2918,13.2601
2015,ssp126,Tropical,YBCS,Narrowbody,2918,15.2337
2015,ssp126,Tropical,YBTL,Narrowbody,696,12.227
2015,ssp126,Tropical,YPDN,Narrowbody,2135,13.1354
2015,ssp126,Tropical,ZGBH,Narrowbody,2918,16.8406
2015,ssp126,Tropical,ZGGG,Narrowbody,2918,18.3588
2015,ssp126,Tropical,ZGHZ,Narrowbody,2885,10.8891
2015,ssp126,Tropical,ZGNN,Narrowbody,2918,14.4829
2015,ssp126,Tropical,ZGSD,Narrowbody,2918,20.5089
2015,ssp126,Tropical,ZGSZ,Narrowbody,2918,17.0747
2015,ssp126,Tropical,ZGZJ,Narrowbody,2918,11.7755
2015,ssp126,Tropical,ZJHK,Narrowbody,2918,18.2361
2015,ssp126,Tropical,ZJSY,Narrowbody,2918,14.9589
2015,ssp126,Tropical,ZPJH,Narrowbody,2918,10.291
