"","iata","icao","name","lat","lon","zone"
"1","ATL","KATL","Hartsfield Jackson Atlanta International Airport",33.6367,-84.428101,"Temperate"
"2","PEK","ZBAA","Beijing Capital International Airport",40.08010101,116.5849991,"Temperate"
"3","LAX","KLAX","Los Angeles International Airport",33.942501,-118.407997,"Temperate"
"4","DXB","OMDB","Dubai International Airport",25.25279999,55.36439896,"Temperate"
"5","ORD","KORD","Chicago O'Hare International Airport",41.9786,-87.9048,"Temperate"
"6","LHR","EGLL","London Heathrow Airport",51.4706,-0.461941,"Temperate"
"7","HND","RJTT","Tokyo Haneda International Airport",35.552299,139.779999,"Temperate"
"8","PVG","ZSPD","Shanghai Pudong International Airport",31.1434,121.805,"Temperate"
"9","CDG","LFPG","Charles de Gaulle International Airport",49.012798,2.55,"Temperate"
"10","CAN","ZGGG","Guangzhou Baiyun International Airport",23.392401,113.299004,"Tropical"
"11","HKG","VHHH","Hong Kong International Airport",22.308901,113.915001,"Tropical"
"12","DFW","KDFW","Dallas Fort Worth International Airport",32.896801,-97.038002,"Temperate"
"13","AMS","EHAM","Amsterdam Airport Schiphol",52.308601,4.76389,"Temperate"
"14","DEL","VIDP","Indira Gandhi International Airport",28.5665,77.103104,"Temperate"
"15","FRA","EDDF","Frankfurt am Main Airport",50.033333,8.570556,"Temperate"
"16","ICN","RKSI","Incheon International Airport",37.46910095,126.4509964,"Temperate"
"17","SIN","WSSS","Singapore Changi Airport",1.35019,103.994003,"Tropical"
"18","DEN","KDEN","Denver International Airport",39.86169815,-104.6729965,"Temperate"
"19","IST","LTFM","İstanbul Airport",41.261297,28.741951,"Temperate"
"20","BKK","VTBS","Suvarnabhumi Airport",13.68109989,100.7470016,"Tropical"
"21","JFK","KJFK","John F Kennedy International Airport",40.639801,-73.7789,"Temperate"
"22","KUL","WMKK","Kuala Lumpur International Airport",2.745579958,101.7099991,"Tropical"
"23","MAD","LEMD","Adolfo Suárez Madrid–Barajas Airport",40.471926,-3.56264,"Temperate"
"24","CGK","WIII","Soekarno-Hatta International Airport",-6.12556982,106.6559982,"Tropical"
"25","SFO","KSFO","San Francisco International Airport",37.61899948,-122.375,"Temperate"
"26","CTU","ZUUU","Chengdu Shuangliu International Airport",30.57850075,103.9469986,"Temperate"
"27","SZX","ZGSZ","Shenzhen Bao'an International Airport",22.639299,113.810997,"Tropical"
"28","BCN","LEBL","Barcelona International Airport",41.2971,2.07846,"Temperate"
"29","SEA","KSEA","Seattle Tacoma International Airport",47.449001,-122.308998,"Temperate"
"30","MEX","MMMX","Licenciado Benito Juarez International Airport",19.4363,-99.072098,"Tropical"
"31","YYZ","CYYZ","Lester B. Pearson International Airport",43.67720032,-79.63059998,"Temperate"
"32","MCO","KMCO","Orlando International Airport",28.42939949,-81.30899811,"Temperate"
"33","LAS","KLAS","McCarran International Airport",36.08010101,-115.1520004,"Temperate"
"34","CLT","KCLT","Charlotte Douglas International Airport",35.2140007,-80.94309998,"Temperate"
"35","SVO","UUEE","Sheremetyevo International Airport",55.972599,37.4146,"Temperate"
"36","BOM","VABB","Chhatrapati Shivaji International Airport",19.08869934,72.86789703,"Tropical"
"37","TPE","RCTP","Taiwan Taoyuan International Airport",25.0777,121.233002,"Temperate"
"38","MNL","RPLL","Ninoy Aquino International Airport",14.5086,121.019997,"Tropical"
"39","MUC","EDDM","Munich Airport",48.353802,11.7861,"Temperate"
"40","KMG","ZPPP","Kunming Changshui International Airport",25.1019444,102.9291667,"Temperate"
"41","EWR","KEWR","Newark Liberty International Airport",40.692501,-74.168701,"Temperate"
"42","XIY","ZLXY","Xi'an Xianyang International Airport",34.447102,108.751999,"Temperate"
"43","SYD","YSSY","Sydney Kingsford Smith International Airport",-33.94609833,151.177002,"Temperate"
"44","LGW","EGKK","London Gatwick Airport",51.148102,-0.190278,"Temperate"
"45","SHA","ZSSS","Shanghai Hongqiao International Airport",31.198104,121.33426,"Temperate"
"46","PHX","KPHX","Phoenix Sky Harbor International Airport",33.435302,-112.005905,"Temperate"
"47","IAH","KIAH","George Bush Intercontinental Houston Airport",29.9843998,-95.34140015,"Temperate"
"48","FCO","LIRF","Leonardo da Vinci–Fiumicino Airport",41.8002778,12.2388889,"Temperate"
"49","GRU","SBGR","Guarulhos - Governador André Franco Montoro International Airport",-23.43555641,-46.47305679,"Tropical"
"50","CKG","ZUCK","Chongqing Jiangbei International Airport",29.71920013,106.6419983,"Temperate"
"51","MIA","KMIA","Miami International Airport",25.79319954,-80.29060364,"Temperate"
"52","NRT","RJAA","Narita International Airport",35.764702,140.386002,"Temperate"
"53","BOS","KBOS","Logan International Airport",42.3643,-71.005203,"Temperate"
"54","DMK","VTBD","Don Mueang International Airport",13.91259956,100.6070023,"Tropical"
"55","SGN","VVTS","Tan Son Nhat International Airport",10.8188,106.652,"Tropical"
"56","MEL","YMML","Melbourne International Airport",-37.673302,144.843002,"Temperate"
"57","HGH","ZSHC","Hangzhou Xiaoshan International Airport",30.22949982,120.4339981,"Temperate"
"58","MSP","KMSP","Minneapolis–Saint Paul International Airport / Wold–Chamberlain Field",44.882,-93.221802,"Temperate"
"59","DOH","OTHH","Hamad International Airport",25.273056,51.608056,"Temperate"
"60","FLL","KFLL","Fort Lauderdale Hollywood International Airport",26.072599,-80.152702,"Temperate"
"61","DTW","KDTW","Detroit Metropolitan Wayne County Airport",42.21239853,-83.35340118,"Temperate"
"62","SAW","LTFJ","Istanbul Sabiha Gökçen International Airport",40.898602,29.3092,"Temperate"
"63","JED","OEJN","King Abdulaziz International Airport",21.6796,39.156502,"Tropical"
"64","BOG","SKBO","El Dorado International Airport",4.70159,-74.1469,"Tropical"
"65","BLR","VOBL","Kempegowda International Airport",13.1979,77.706299,"Tropical"
"66","DUB","EIDW","Dublin Airport",53.421299,-6.27007,"Temperate"
"67","ZRH","LSZH","Zürich Airport",47.458056,8.548056,"Temperate"
"68","PHL","KPHL","Philadelphia International Airport",39.87189865,-75.2410965,"Temperate"
"69","ORY","LFPO","Paris-Orly Airport",48.7233333,2.3794444,"Temperate"
"70","VIE","LOWW","Vienna International Airport",48.110298,16.5697,"Temperate"
"71","LGA","KLGA","La Guardia Airport",40.777199,-73.872597,"Temperate"
"72","KIX","RJBB","Kansai International Airport",34.427299,135.244003,"Temperate"
"73","LIS","LPPT","Humberto Delgado Airport (Lisbon Portela Airport)",38.7813,-9.13592,"Temperate"
"74","NKG","ZSNJ","Nanjing Lukou Airport",31.74200058,118.8619995,"Temperate"
"75","CPH","EKCH","Copenhagen Kastrup Airport",55.61790085,12.65600014,"Temperate"
"76","MAN","EGCC","Manchester Airport",53.349375,-2.279521,"Temperate"
"77","MXP","LIMC","Malpensa International Airport",45.6306,8.72811,"Temperate"
"78","PMI","LEPA","Palma De Mallorca Airport",39.55170059,2.738810062,"Temperate"
"79","CJU","RKPC","Jeju International Airport",33.51129913,126.4929962,"Temperate"
"80","HAN","VVNB","Noi Bai International Airport",21.221201,105.806999,"Tropical"
"81","STN","EGSS","London Stansted Airport",51.88499832,0.234999999,"Temperate"
"82","OSL","ENGM","Oslo Gardermoen Airport",60.19390106,11.10039997,"Temperate"
"83","XMN","ZSAM","Xiamen Gaoqi International Airport",24.54400063,118.1279984,"Temperate"
"84","CGO","ZHCC","Zhengzhou Xinzheng International Airport",34.5196991,113.8410034,"Temperate"
"85","BWI","KBWI","Baltimore/Washington International Thurgood Marshall Airport",39.1754,-76.668297,"Temperate"
"86","DUS","EDDL","Düsseldorf Airport",51.289501,6.76678,"Temperate"
"87","YVR","CYVR","Vancouver International Airport",49.19390106,-123.1839981,"Temperate"
"88","BRU","EBBR","Brussels Airport",50.90140152,4.48443985,"Temperate"
"89","SLC","KSLC","Salt Lake City International Airport",40.785749,-111.979746,"Temperate"
"90","WUH","ZHHH","Wuhan Tianhe International Airport",30.7838,114.208,"Temperate"
"91","ATH","LGAV","Eleftherios Venizelos International Airport",37.93640137,23.94449997,"Temperate"
"92","ARN","ESSA","Stockholm-Arlanda Airport",59.65190125,17.91860008,"Temperate"
"93","DME","UUDD","Domodedovo International Airport",55.40879822,37.90629959,"Temperate"
"94","SAN","KSAN","San Diego International Airport",32.73360062,-117.1900024,"Temperate"
"95","LIM","SPJC","Jorge Chávez International Airport",-12.0219,-77.114305,"Tropical"
"96","SCL","SCEL","Comodoro Arturo Merino Benítez International Airport",-33.39300156,-70.78579712,"Temperate"
"97","RUH","OERK","King Khaled International Airport",24.95759964,46.69879913,"Temperate"
"98","CSX","ZGHA","Changsha Huanghua International Airport",28.18919945,113.2200012,"Temperate"
"99","TAO","ZSQD","Qingdao Jiaodong International Airport",36.361953,120.088171,"Temperate"
"100","CUN","MMUN","Cancún International Airport",21.03650093,-86.87709808,"Tropical"
"101","BNE","YBBN","Brisbane International Airport",-27.38419914,153.1170044,"Temperate"
"102","HYD","VOHS","Rajiv Gandhi International Airport",17.231318,78.429855,"Tropical"
"103","IAD","KIAD","Washington Dulles International Airport",38.9445,-77.455803,"Temperate"
"104","DPS","WADD","Ngurah Rai (Bali) International Airport",-8.748169899,115.1669998,"Tropical"
"105","GMP","RKSS","Gimpo International Airport",37.5583,126.791,"Temperate"
"106","URC","ZWWW","Ürümqi Diwopu International Airport",43.90710068,87.47419739,"Temperate"
"107","HAK","ZJHK","Haikou Meilan International Airport",19.9349,110.459,"Tropical"
"108","MAA","VOMM","Chennai International Airport",12.990005,80.169296,"Tropical"
"109","AYT","LTAI","Antalya International Airport",36.898701,30.800501,"Temperate"
"110","CCU","VECC","Netaji Subhash Chandra Bose International Airport",22.65469933,88.44670105,"Tropical"
"111","DCA","KDCA","Ronald Reagan Washington National Airport",38.8521,-77.037697,"Temperate"
"112","TSN","ZBTJ","Tianjin Binhai International Airport",39.12440109,117.3460007,"Temperate"
"113","TLV","LLBG","Ben Gurion International Airport",32.01139832,34.88669968,"Temperate"
"114","CGH","SBSP","Congonhas Airport",-23.62611008,-46.65638733,"Temperate"
"115","FUK","RJFF","Fukuoka Airport",33.58589935,130.451004,"Temperate"
"116","TPA","KTPA","Tampa International Airport",27.97550011,-82.53320313,"Temperate"
"117","HEL","EFHK","Helsinki Vantaa Airport",60.3172,24.963301,"Temperate"
"118","CTS","RJCC","New Chitose Airport",42.7752,141.692001,"Temperate"
"119","JNB","FAOR","OR Tambo International Airport",-26.1392,28.246,"Temperate"
"120","KWE","ZUGY","Longdongbao Airport",26.53849983,106.8010025,"Temperate"
"121","AUH","OMAA","Abu Dhabi International Airport",24.443764,54.651718,"Temperate"
"122","AKL","NZAA","Auckland International Airport",-37.008099,174.792007,"Temperate"
"123","HNL","PHNL","Daniel K Inouye International Airport",21.32062,-157.924228,"Tropical"
"124","MDW","KMDW","Chicago Midway International Airport",41.785999,-87.752403,"Temperate"
"125","HRB","ZYHB","Taiping Airport",45.62340164,126.25,"Temperate"
"126","YUL","CYUL","Montreal / Pierre Elliott Trudeau International Airport",45.47060013,-73.74079895,"Temperate"
"127","OKA","ROAH","Naha Airport / JASDF Naha Air Base",26.195801,127.646004,"Temperate"
"128","DLC","ZYTL","Dalian Zhoushuizi International Airport",38.965698,121.539001,"Temperate"
"129","PDX","KPDX","Portland International Airport",45.58869934,-122.5979996,"Temperate"
"130","VKO","UUWW","Vnukovo International Airport",55.59149933,37.26150131,"Temperate"
"131","AGP","LEMG","Málaga Airport",36.67490005,-4.499110222,"Temperate"
"132","SHE","ZYTX","Shenyang Taoxian International Airport",41.639801,123.483002,"Temperate"
"133","SYX","ZJSY","Sanya Phoenix International Airport",18.3029,109.412003,"Tropical"
"134","SUB","WARR","Juanda International Airport",-7.379829884,112.7870026,"Tropical"
"135","GVA","LSGG","Geneva Cointrin International Airport",46.23809814,6.108950138,"Temperate"
"136","LTN","EGGW","London Luton Airport",51.87469864,-0.368333012,"Temperate"
"137","CAI","HECA","Cairo International Airport",30.12190056,31.40559959,"Temperate"
"138","WAW","EPWA","Warsaw Chopin Airport",52.16569901,20.96710014,"Temperate"
"139","BNA","KBNA","Nashville International Airport",36.12450027,-86.67819977,"Temperate"
"140","YYC","CYYC","Calgary International Airport",51.11389923,-114.0199966,"Temperate"
"141","HAM","EDDH","Hamburg Helmut Schmidt Airport",53.630402,9.98823,"Temperate"
"142","HKT","VTSP","Phuket International Airport",8.1132,98.316902,"Tropical"
"143","LED","ULLI","Pulkovo Airport",59.8003006,30.26250076,"Temperate"
"144","PUS","RKPK","Gimhae International Airport",35.17950058,128.9380035,"Temperate"
"145","PRG","LKPR","Václav Havel Airport Prague",50.1008,14.26,"Temperate"
"146","BSB","SBBR","Presidente Juscelino Kubitschek International Airport",-15.869167,-47.920834,"Tropical"
"147","PTY","MPTO","Tocumen International Airport",9.071359634,-79.38349915,"Tropical"
"148","AUS","KAUS","Austin Bergstrom International Airport",30.197535,-97.662015,"Temperate"
"149","DAL","KDAL","Dallas Love Field",32.847099,-96.851799,"Temperate"
"150","TNA","ZSJN","Yaoqiang Airport",36.85720062,117.2160034,"Temperate"
"151","BUD","LHBP","Budapest Liszt Ferenc International Airport",47.42976,19.261093,"Temperate"
"152","MCT","OOMS","Muscat International Airport",23.59329987,58.28440094,"Temperate"
"153","STL","KSTL","St Louis Lambert International Airport",38.748697,-90.370003,"Temperate"
"154","NNG","ZGNN","Nanning Wuxu Airport",22.608299,108.171997,"Tropical"
"155","SJC","KSJC","Norman Y. Mineta San Jose International Airport",37.362598,-121.929001,"Temperate"
"156","ITM","RJOO","Osaka International Airport",34.78549957,135.4380035,"Temperate"
"157","KWI","OKBK","Kuwait International Airport",29.22660065,47.96889877,"Temperate"
"158","FOC","ZSFZ","Fuzhou Changle International Airport",25.93510056,119.663002,"Temperate"
"159","EDI","EGPH","Edinburgh Airport",55.95000076,-3.372499943,"Temperate"
"160","ALC","LEAL","Alicante International Airport",38.28219986,-0.558156013,"Temperate"
"161","GDL","MMGL","Don Miguel Hidalgo Y Costilla International Airport",20.52179909,-103.310997,"Tropical"
"162","NCE","LFMN","Nice-Côte d'Azur Airport",43.65840149,7.215869904,"Temperate"
"163","OTP","LROP","Henri Coandă International Airport",44.5711111,26.085,"Temperate"
"164","HOU","KHOU","William P Hobby Airport",29.64539909,-95.27890015,"Temperate"
"165","LHW","ZLLL","Lanzhou Zhongchuan Airport",36.51520157,103.6200027,"Temperate"
"166","DAD","VVDN","Da Nang International Airport",16.04389954,108.1989975,"Tropical"
"167","GIG","SBGL","Rio Galeão – Tom Jobim International Airport",-22.80999947,-43.25055695,"Tropical"
"168","ESB","LTAC","Esenboğa International Airport",40.12810135,32.99509811,"Temperate"
"169","BGY","LIME","Milan Bergamo Airport",45.673901,9.70417,"Temperate"
"170","MSY","KMSY","Louis Armstrong New Orleans International Airport",29.99340057,-90.25800323,"Temperate"
"171","RDU","KRDU","Raleigh Durham International Airport",35.87760162,-78.78749847,"Temperate"
"172","CGQ","ZYCC","Longjia Airport",43.99620056,125.6849976,"Temperate"
"173","PER","YPPH","Perth International Airport",-31.94029999,115.9670029,"Temperate"
"174","AEP","SABE","Jorge Newbery Airpark",-34.5592,-58.4156,"Temperate"
"175","OAK","KOAK","Metropolitan Oakland International Airport",37.721298,-122.221001,"Temperate"
"176","ADD","HAAB","Addis Ababa Bole International Airport",8.977890015,38.79930115,"Tropical"
"177","TYN","ZBYN","Taiyuan Wusu Airport",37.74689865,112.6279984,"Temperate"
"178","STR","EDDS","Stuttgart Airport",48.68989944,9.221960068,"Temperate"
"179","SMF","KSMF","Sacramento International Airport",38.69540024,-121.5910034,"Temperate"
"180","BHX","EGBB","Birmingham International Airport",52.45389938,-1.748029947,"Temperate"
"181","EZE","SAEZ","Ministro Pistarini International Airport",-34.8222,-58.5358,"Temperate"
"182","OPO","LPPR","Francisco de Sá Carneiro Airport",41.24810028,-8.681389809,"Temperate"
"183","CEB","RPVM","Mactan Cebu International Airport",10.30749989,123.9789963,"Tropical"
"184","KHN","ZSCN","Nanchang Changbei International Airport",28.86499977,115.9000015,"Temperate"
"185","NGO","RJGG","Chubu Centrair International Airport",34.85839844,136.8049927,"Temperate"
"186","CGN","EDDK","Cologne Bonn Airport",50.86589813,7.142739773,"Temperate"
"187","HET","ZBHH","Baita International Airport",40.851398,111.823997,"Temperate"
"188","WNZ","ZSWZ","Wenzhou Longwan International Airport",27.912201,120.851997,"Temperate"
"189","ZUH","ZGSD","Zhuhai Jinwan Airport",22.006399,113.375999,"Tropical"
"190","LPA","GCLP","Gran Canaria Airport",27.93190002,-15.38659954,"Temperate"
"191","AMD","VAAH","Sardar Vallabhbhai Patel International Airport",23.07719994,72.63469696,"Tropical"
"192","LYS","LFLL","Lyon Saint-Exupéry Airport",45.725556,5.081111,"Temperate"
"193","ADB","LTBJ","Adnan Menderes International Airport",38.29240036,27.15699959,"Temperate"
"194","NGB","ZSNB","Ningbo Lishe International Airport",29.82670021,121.461998,"Temperate"
"195","VCE","LIPZ","Venice Marco Polo Airport",45.505299,12.3519,"Temperate"
"196","MCI","KMCI","Kansas City International Airport",39.2976,-94.713898,"Temperate"
"197","HFE","ZSOF","Hefei Luogang International Airport",31.78000069,117.2979965,"Temperate"
"198","KBP","UKBB","Boryspil International Airport",50.34500122,30.8946991,"Temperate"
"199","CNX","VTCC","Chiang Mai International Airport",18.76679993,98.96260071,"Tropical"
"200","UPG","WAAA","Hasanuddin International Airport",-5.061629772,119.5540009,"Tropical"
"201","MTY","MMMY","General Mariano Escobedo International Airport",25.7784996,-100.1070023,"Temperate"
"202","DAC","VGHS","Hazrat Shahjalal International Airport",23.843347,90.397783,"Temperate"
"203","COK","VOCI","Cochin International Airport",10.152,76.401901,"Tropical"
"204","NAP","LIRN","Naples International Airport",40.886002,14.2908,"Temperate"
"205","CNF","SBCF","Tancredo Neves International Airport",-19.62444305,-43.9719429,"Tropical"
"206","SJW","ZBSJ","Shijiazhuang Daguocun International Airport",38.28070068,114.6969986,"Temperate"
"207","CMN","GMMN","Mohammed V International Airport",33.36750031,-7.589970112,"Temperate"
"208","INC","ZLIC","Yinchuan Hedong International Airport",38.322758,106.393214,"Temperate"
"209","TFS","GCTS","Tenerife South Airport",28.0445,-16.5725,"Temperate"
"210","VCP","SBKP","Viracopos International Airport",-23.00740051,-47.1344986,"Tropical"
"211","SHJ","OMSJ","Sharjah International Airport",25.32859993,55.51720047,"Temperate"
"212","SNA","KSNA","John Wayne Airport-Orange County Airport",33.67570114,-117.8679962,"Temperate"
"213","CMB","VCBI","Bandaranaike International Colombo Airport",7.180759907,79.88410187,"Tropical"
"214","CPT","FACT","Cape Town International Airport",-33.96480179,18.60169983,"Temperate"
"215","CTA","LICC","Catania-Fontanarossa Airport",37.466801,15.0664,"Temperate"
"216","MRS","LFML","Marseille Provence Airport",43.43927192,5.221424103,"Temperate"
"217","SAT","KSAT","San Antonio International Airport",29.533701,-98.469803,"Temperate"
"218","RSW","KRSW","Southwest Florida International Airport",26.53619957,-81.75520325,"Temperate"
"219","CLE","KCLE","Cleveland Hopkins International Airport",41.4117012,-81.84980011,"Temperate"
"220","MFM","VMMC","Macau International Airport",22.149599,113.592003,"Tropical"
"221","BAH","OBBI","Bahrain International Airport",26.267295,50.63764,"Temperate"
"222","BKI","WBKK","Kota Kinabalu International Airport",5.937210083,116.0510025,"Tropical"
"223","TLS","LFBO","Toulouse-Blagnac Airport",43.629101,1.36382,"Temperate"
"224","YNT","ZSYT","Yantai Penglai International Airport",37.657222,120.987222,"Temperate"
"225","PIT","KPIT","Pittsburgh International Airport",40.49150085,-80.23290253,"Temperate"
"226","IND","KIND","Indianapolis International Airport",39.7173,-86.294403,"Temperate"
"227","BLQ","LIPE","Bologna Guglielmo Marconi Airport",44.5354,11.2887,"Temperate"
"228","SJU","TJSJ","Luis Munoz Marin International Airport",18.43939972,-66.00180054,"Tropical"
"229","PEN","WMKP","Penang International Airport",5.297140121,100.2770004,"Tropical"
"230","MDE","SKRG","Jose Maria Córdova International Airport",6.16454,-75.4231,"Tropical"
"231","SDU","SBRJ","Santos Dumont Airport",-22.91049957,-43.1631012,"Tropical"
"232","BRS","EGGD","Bristol Airport",51.382702,-2.71909,"Temperate"
"233","ADL","YPAD","Adelaide International Airport",-34.945,138.531006,"Temperate"
"234","GLA","EGPF","Glasgow International Airport",55.871899,-4.43306,"Temperate"
"235","CVG","KCVG","Cincinnati Northern Kentucky International Airport",39.048801,-84.667801,"Temperate"
"236","FAO","LPFR","Faro Airport",37.01440048,-7.965909958,"Temperate"
"237","TIJ","MMTJ","General Abelardo L. Rodríguez International Airport",32.54109955,-116.9700012,"Temperate"
"238","REC","SBRF","Guararapes - Gilberto Freyre International Airport",-8.126489639,-34.92359924,"Tropical"
"239","GOI","VOGO","Dabolim Airport",15.38080025,73.83139801,"Tropical"
"240","PNQ","VAPO","Pune Airport / Lohagaon Air Force Station",18.5821,73.919701,"Tropical"
"241","VLC","LEVC","Valencia Airport",39.4893,-0.481625,"Temperate"
"242","CMH","KCMH","John Glenn Columbus International Airport",39.998001,-82.891899,"Temperate"
"243","BSL","LFSB","EuroAirport Basel-Mulhouse-Freiburg Airport",47.59,7.529167,"Temperate"
"244","THR","OIII","Mehrabad International Airport",35.68920135,51.31340027,"Temperate"
"245","BEY","OLBA","Beirut Rafic Hariri International Airport",33.82089996,35.48839951,"Temperate"
"246","KRK","EPKK","Kraków John Paul II International Airport",50.077702,19.7848,"Temperate"
"247","AMM","OJAI","Queen Alia International Airport",31.72260094,35.99319839,"Temperate"
"248","JJN","ZSQZ","Quanzhou Jinjiang International Airport",24.7964,118.589996,"Temperate"
"249","POA","SBPA","Salgado Filho Airport",-29.99440002,-51.17139816,"Temperate"
"250","KNO","WIMM","Kualanamu International Airport",3.642222,98.885278,"Tropical"
"251","CRL","EBCI","Brussels South Charleroi Airport",50.459202,4.45382,"Temperate"
"252","DMM","OEDF","King Fahd International Airport",26.47120094,49.79790115,"Temperate"
"253","KWL","ZGKL","Guilin Liangjiang International Airport",25.2181,110.039001,"Temperate"
"254","YEG","CYEG","Edmonton International Airport",53.30970001,-113.5800018,"Temperate"
"255","IBZ","LEIB","Ibiza Airport",38.8728981,1.37311995,"Temperate"
"256","NBO","HKJK","Jomo Kenyatta International Airport",-1.319239974,36.92779922,"Tropical"
"257","WUX","ZSWX","Sunan Shuofang International Airport",31.49440002,120.4290009,"Temperate"
"258","BOD","LFBD","Bordeaux-Mérignac Airport",44.8283,-0.715556,"Temperate"
"259","KHH","RCKH","Kaohsiung International Airport",22.577101,120.349998,"Tropical"
"260","ALG","DAAG","Houari Boumediene Airport",36.691002,3.21541,"Temperate"
"261","JOG","WAHH","Adisutjipto International Airport",-7.78818,110.431999,"Tropical"
"262","SVQ","LEZL","Sevilla Airport",37.41799927,-5.893109798,"Temperate"
"263","OGG","PHOG","Kahului Airport",20.8986,-156.429993,"Tropical"
"264","SSA","SBSV","Deputado Luiz Eduardo Magalhães International Airport",-12.9086113,-38.32249832,"Tropical"
"265","RIX","EVRA","Riga International Airport",56.92359924,23.97109985,"Temperate"
"266","MLA","LMML","Malta International Airport",35.857498,14.4775,"Temperate"
"267","KEF","BIKF","Keflavik International Airport",63.985001,-22.6056,"Temperate"
"268","SWA","ZGOW","Jieyang Chaoshan International Airport",23.552,116.5033,"Temperate"
"269","FOR","SBFZ","Pinto Martins International Airport",-3.77628,-38.5326,"Tropical"
"270","MED","OEMA","Prince Mohammad Bin Abdulaziz Airport",24.5534,39.705101,"Temperate"
"271","NTE","LFRS","Nantes Atlantique Airport",47.15319824,-1.610730052,"Temperate"
"272","XNN","ZLXN","Xining Caojiabu Airport",36.5275,102.042999,"Temperate"
"273","ACE","GCRR","Lanzarote Airport",28.945499,-13.6052,"Temperate"
"274","SOF","LBSF","Sofia Airport",42.69669342,23.41143608,"Temperate"
"275","JAX","KJAX","Jacksonville International Airport",30.49410057,-81.68789673,"Temperate"
"276","LCA","LCLK","Larnaca International Airport",34.875099,33.624901,"Temperate"
"277","LJG","ZPLJ","Lijiang Airport",26.68000031,100.2460022,"Temperate"
"278","CHC","NZCH","Christchurch International Airport",-43.48939896,172.5319977,"Temperate"
"279","RGN","VYYY","Yangon International Airport",16.90730095,96.1332016,"Tropical"
"280","PUJ","MDPC","Punta Cana International Airport",18.56739998,-68.36340332,"Tropical"
"281","PMO","LICJ","Falcone–Borsellino Airport",38.175999,13.091,"Temperate"
"282","PBI","KPBI","Palm Beach International Airport",26.68320084,-80.09559631,"Temperate"
"283","SKG","LGTS","Thessaloniki Macedonia International Airport",40.5196991,22.97089958,"Temperate"
"284","MKE","KMKE","General Mitchell International Airport",42.94720078,-87.89659882,"Temperate"
"285","KTM","VNKT","Tribhuvan International Airport",27.6966,85.3591,"Temperate"
"286","KHI","OPKC","Jinnah International Airport",24.9065,67.160797,"Temperate"
"287","TSA","RCSS","Taipei Songshan Airport",25.06940079,121.552002,"Temperate"
"288","BDL","KBDL","Bradley International Airport",41.93889999,-72.68319702,"Temperate"
"289","CXR","VVCR","Cam Ranh International Airport / Cam Ranh Air Base",11.9982,109.219002,"Tropical"
"290","HLP","WIHH","Halim Perdanakusuma International Airport",-6.266610146,106.8909988,"Tropical"
"291","LIN","LIML","Milano Linate Airport",45.445099,9.27674,"Temperate"
"292","OOL","YBCG","Gold Coast Airport",-28.1644001,153.5050049,"Temperate"
"293","LOS","DNMM","Murtala Muhammed International Airport",6.577370167,3.321160078,"Tropical"
"294","PNH","VDPP","Phnom Penh International Airport",11.5466,104.844002,"Tropical"
"295","WLG","NZWN","Wellington International Airport",-41.32720184,174.8049927,"Temperate"
"296","GOT","ESGG","Gothenburg-Landvetter Airport",57.66279984,12.27980042,"Temperate"
"297","RAK","GMMX","Menara Airport",31.60689926,-8.036299706,"Temperate"
"298","BPN","WALL","Sultan Aji Muhamad Sulaiman Airport",-1.268270016,116.8939972,"Tropical"
"299","GAU","VEGT","Lokpriya Gopinath Bordoloi International Airport",26.10610008,91.58589935,"Temperate"
"300","CWB","SBCT","Afonso Pena Airport",-25.5284996,-49.17580032,"Temperate"
"301","HER","LGIR","Heraklion International Nikos Kazantzakis Airport",35.33969879,25.18029976,"Temperate"
"302","TUN","DTTA","Tunis Carthage International Airport",36.85100174,10.22719955,"Temperate"
"303","BFS","EGAA","Belfast International Airport",54.65750122,-6.215829849,"Temperate"
"304","BGO","ENBR","Bergen Airport Flesland",60.29339981,5.218140125,"Temperate"
"305","OVB","UNNT","Tolmachevo Airport",55.01259995,82.65070343,"Temperate"
"306","EIN","EHEH","Eindhoven Airport",51.45009995,5.374529839,"Temperate"
"307","IKA","OIIE","Imam Khomeini International Airport",35.41609955,51.15219879,"Temperate"
"308","HAJ","EDDV","Hannover Airport",52.46110153,9.685079575,"Temperate"
"309","KCH","WBGG","Kuching International Airport",1.484699965,110.3470001,"Tropical"
"310","BUR","KBUR","Bob Hope Airport",34.197703,-118.356378,"Temperate"
"311","CIA","LIRA","Ciampino–G. B. Pastine International Airport",41.7994,12.5949,"Temperate"
"312","TFN","GCXO","Tenerife Norte Airport",28.4827,-16.341499,"Temperate"
"313","BIO","LEBB","Bilbao Airport",43.30110168,-2.910609961,"Temperate"
"314","LKO","VILK","Chaudhary Charan Singh International Airport",26.76059914,80.88929749,"Temperate"
"315","BEG","LYBE","Belgrade Nikola Tesla Airport",44.81840134,20.3090992,"Temperate"
"316","AER","URSS","Sochi International Airport",43.449902,39.9566,"Temperate"
"317","HAV","MUHA","José Martí International Airport",22.98920059,-82.40910339,"Tropical"
"318","KOJ","RJFK","Kagoshima Airport",31.80340004,130.7189941,"Temperate"
"319","ALA","UAAA","Almaty Airport",43.35210037,77.04049683,"Temperate"
"320","DUR","FALE","King Shaka International Airport",-29.61444444,31.11972222,"Temperate"
"321","SJO","MROC","Juan Santamaría International Airport",9.99386,-84.208801,"Tropical"
"322","BRI","LIBD","Bari Karol Wojtyła Airport",41.138901,16.760599,"Temperate"
"323","PSA","LIRP","Pisa International Airport",43.683899,10.3927,"Temperate"
"324","ONT","KONT","Ontario International Airport",34.05599976,-117.6009979,"Temperate"
"325","CTG","SKCG","Rafael Nuñez International Airport",10.4424,-75.513,"Tropical"
"326","CLO","SKCL","Alfonso Bonilla Aragon International Airport",3.54322,-76.3816,"Tropical"
"327","ANC","PANC","Ted Stevens Anchorage International Airport",61.17440033,-149.9960022,"Temperate"
"328","SVX","USSS","Koltsovo Airport",56.74309921,60.80270004,"Temperate"
"329","JAI","VIJP","Jaipur International Airport",26.8242,75.812202,"Temperate"
"330","NAY","ZBNY","Beijing Nanyuan Airport",39.78279877,116.3880005,"Temperate"
"331","SJD","MMSD","Los Cabos International Airport",23.15180016,-109.7210007,"Tropical"
"332","UIO","SEQM","Mariscal Sucre International Airport",-0.129166667,-78.3575,"Tropical"
"333","ISB","OPIS","Islamabad International Airport",33.549,72.82566,"Temperate"
"334","YOW","CYOW","Ottawa Macdonald-Cartier International Airport",45.32249832,-75.66919708,"Temperate"
"335","ABQ","KABQ","Albuquerque International Sunport",35.040199,-106.609001,"Temperate"
"336","FUE","GCFV","Fuerteventura Airport",28.45269966,-13.86380005,"Temperate"
"337","NCL","EGNT","Newcastle Airport",55.03749847,-1.691669941,"Temperate"
"338","LCY","EGLC","London City Airport",51.505299,0.055278,"Temperate"
"339","GDN","EPGD","Gdańsk Lech Wałęsa Airport",54.37760162,18.46619987,"Temperate"
"340","MLE","VRMM","Malé International Airport",4.191830158,73.52909851,"Tropical"
"341","CNS","YBCS","Cairns International Airport",-16.88579941,145.7550049,"Tropical"
"342","BTH","WIDD","Hang Nadim International Airport",1.121029973,104.1190033,"Tropical"
"343","JHG","ZPJH","Xishuangbanna Gasa Airport",21.97389984,100.7600021,"Tropical"
"344","LPL","EGGP","Liverpool John Lennon Airport",53.33359909,-2.849720001,"Temperate"
"345","PLM","WIPP","Sultan Mahmud Badaruddin II Airport",-2.898250103,104.6999969,"Tropical"
"346","OMA","KOMA","Eppley Airfield",41.3032,-95.894096,"Temperate"
"347","ADA","LTAF","Adana Şakirpaşa Airport",36.982201,35.280399,"Temperate"
"348","BUF","KBUF","Buffalo Niagara International Airport",42.94049835,-78.73220062,"Temperate"
"349","SRG","WAHS","Achmad Yani Airport",-6.97273,110.375,"Tropical"
"350","SAL","MSLP","Monseñor Óscar Arnulfo Romero International Airport",13.4409,-89.055702,"Tropical"
"351","PVR","MMPR","Licenciado Gustavo Díaz Ordaz International Airport",20.68009949,-105.2539978,"Tropical"
"352","TAE","RKTN","Daegu Airport",35.896872,128.65531,"Temperate"
"353","LHE","OPLA","Alama Iqbal International Airport",31.52160072,74.4036026,"Temperate"
"354","CAG","LIEE","Cagliari Elmas Airport",39.251499,9.05428,"Temperate"
"355","CHS","KCHS","Charleston International Airport",32.898602,-80.040497,"Temperate"
"356","LXA","ZULS","Lhasa Gonggar Airport",29.29780006,90.91190338,"Temperate"
"357","EMA","EGNX","East Midlands Airport",52.83110046,-1.328060031,"Temperate"
"358","MBJ","MKJS","Sangster International Airport",18.50370026,-77.91339874,"Tropical"
"359","MEM","KMEM","Memphis International Airport",35.04240036,-89.97669983,"Temperate"
"360","JHB","WMKJ","Senai International Airport",1.64131,103.669998,"Tropical"
"361","SIP","UKFF","Simferopol International Airport",45.0522,33.975101,"Temperate"
"362","HRG","HEGN","Hurghada International Airport",27.180325,33.807292,"Temperate"
"363","DVO","RPMD","Francisco Bangoy International Airport",7.12552,125.646004,"Tropical"
"364","PAT","VEPT","Lok Nayak Jayaprakash Airport",25.59129906,85.08799744,"Temperate"
"365","REP","VDSR","Siem Reap International Airport",13.41155,103.813044,"Tropical"
"366","TAS","UTTT","Tashkent International Airport",41.25790024,69.28119659,"Temperate"
"367","MSQ","UMMS","Minsk National Airport",53.888071,28.039964,"Temperate"
"368","RIC","KRIC","Richmond International Airport",37.50519943,-77.31970215,"Temperate"
"369","GYD","UBBB","Heydar Aliyev International Airport",40.46749878,50.04669952,"Temperate"
"370","YWG","CYWG","Winnipeg / James Armstrong Richardson International Airport",49.90999985,-97.23989868,"Temperate"
"371","VNO","EYVI","Vilnius International Airport",54.634102,25.285801,"Temperate"
"372","RNO","KRNO","Reno Tahoe International Airport",39.49909973,-119.7679977,"Temperate"
"373","TRD","ENVA","Trondheim Airport Værnes",63.4578018,10.9239998,"Temperate"
"374","OKC","KOKC","Will Rogers World Airport",35.39310074,-97.60070038,"Temperate"
"375","LUX","ELLX","Luxembourg-Findel International Airport",49.6233333,6.2044444,"Temperate"
"376","KRR","URKK","Krasnodar Pashkovsky International Airport",45.03469849,39.17050171,"Temperate"
"377","YHZ","CYHZ","Halifax / Stanfield International Airport",44.88079834,-63.50859833,"Temperate"
"378","CRK","RPLC","Diosdado Macapagal International Airport",15.186,120.559998,"Tropical"
"379","RHO","LGRP","Diagoras Airport",36.40539932,28.08620071,"Temperate"
"380","SDQ","MDSD","Las Américas International Airport",18.42970085,-69.66889954,"Tropical"
"381","SDF","KSDF","Louisville Muhammad Ali International Airport",38.1744,-85.736,"Temperate"
"382","BOI","KBOI","Boise Air Terminal/Gowen Field",43.5644,-116.223,"Temperate"
"383","ABV","DNAA","Nnamdi Azikiwe International Airport",9.006790161,7.263169765,"Tropical"
"384","SVG","ENZV","Stavanger Airport Sola",58.87670135,5.63778019,"Temperate"
"385","NUE","EDDN","Nuremberg Airport",49.498699,11.078056,"Temperate"
"386","ORF","KORF","Norfolk International Airport",36.89459991,-76.20120239,"Temperate"
"387","BBI","VEBS","Biju Patnaik Airport",20.24440002,85.81780243,"Tropical"
"388","TRN","LIMF","Turin Airport",45.200802,7.64963,"Temperate"
"389","MHD","OIMM","Mashhad International Airport",36.23519897,59.64099884,"Temperate"
"390","BVA","LFOB","Paris Beauvais Tillé Airport",49.454399,2.11278,"Temperate"
"391","GYE","SEGU","José Joaquín de Olmedo International Airport",-2.15741992,-79.88359833,"Tropical"
"392","LBA","EGNM","Leeds Bradford Airport",53.86589813,-1.660570025,"Temperate"
"393","PNK","WIOO","Supadio Airport",-0.150711,109.4039993,"Tropical"
"394","DLM","LTBS","Dalaman International Airport",36.71310043,28.79249954,"Temperate"
"395","PVD","KPVD","Theodore Francis Green State Airport",41.732601,-71.420403,"Temperate"
"396","TRV","VOTV","Trivandrum International Airport",8.48211956,76.92009735,"Tropical"
"397","MIG","ZUMY","Mianyang Airport",31.42810059,104.7409973,"Temperate"
"398","CUZ","SPZO","Alejandro Velasco Astete International Airport",-13.53569984,-71.938797,"Tropical"
"399","GEG","KGEG","Spokane International Airport",47.61989975,-117.5339966,"Temperate"
"400","TBS","UGTB","Tbilisi International Airport",41.6692009,44.95470047,"Temperate"
"401","NAS","MYNN","Lynden Pindling International Airport",25.039,-77.466202,"Temperate"
"402","AHB","OEAB","Abha International Airport",18.2404,42.656601,"Tropical"
"403","KOA","PHKO","Ellison Onizuka Kona International Airport at Keahole",19.738783,-156.045603,"Tropical"
"404","HDY","VTSS","Hat Yai International Airport",6.933209896,100.3929977,"Tropical"
"405","ECN","LCEN","Ercan International Airport",35.15470123,33.49610138,"Temperate"
"406","MRU","FIMP","Sir Seewoosagur Ramgoolam International Airport",-20.430201,57.683601,"Tropical"
"407","KBV","VTSG","Krabi Airport",8.09912014,98.98619843,"Tropical"
"408","FLN","SBFL","Hercílio Luz International Airport",-27.67027855,-48.55250168,"Temperate"
"409","GUM","PGUM","Antonio B. Won Pat International Airport",13.4834,144.796005,"Tropical"
"410","BJV","LTFE","Milas Bodrum International Airport",37.25059891,27.66430092,"Temperate"
"411","KTW","EPKT","Katowice International Airport",50.4743,19.08,"Temperate"
"412","TUS","KTUS","Tucson International Airport / Morris Air National Guard Base",32.115004,-110.938053,"Temperate"
"413","TZX","LTCG","Trabzon International Airport",40.99509811,39.78969955,"Temperate"
"414","CCJ","VOCL","Calicut International Airport",11.13679981,75.95529938,"Tropical"
"415","GRR","KGRR","Gerald R. Ford International Airport",42.88079834,-85.52279663,"Temperate"
"416","CZX","ZSCG","Changzhou Benniu Airport",31.919701,119.778999,"Temperate"
"417","PKU","WIBB","Sultan Syarif Kasim Ii (Simpang Tiga) Airport",0.460786015,101.4449997,"Tropical"
"418","BEL","SBBE","Val de Cans/Júlio Cezar Ribeiro International Airport",-1.37925005,-48.47629929,"Tropical"
"419","VRN","LIPX","Verona Villafranca Airport",45.395699,10.8885,"Temperate"
"420","BDJ","WAOO","Syamsudin Noor Airport",-3.44236,114.763,"Tropical"
"421","PDG","WIEE","Minangkabau International Airport",-0.786917,100.280998,"Tropical"
"422","LGB","KLGB","Long Beach Airport (Daugherty Field)",33.817699,-118.152,"Temperate"
"423","VVI","SLVR","Viru Viru International Airport",-17.6448,-63.135399,"Tropical"
"424","ELP","KELP","El Paso International Airport",31.80719948,-106.3779984,"Temperate"
"425","TSF","LIPH","Treviso-Sant'Angelo Airport",45.648399,12.1944,"Temperate"
"426","COR","SACO","Ingeniero Ambrosio Taravella Airport",-31.323601,-64.208,"Temperate"
"427","TIA","LATI","Tirana International Airport Mother Teresa",41.41469955,19.72060013,"Temperate"
"428","ZAG","LDZA","Zagreb Airport",45.74290085,16.06879997,"Temperate"
"429","PQC","VVPQ","Phu Quoc International Airport",10.1698,103.9931,"Tropical"
"430","MAH","LEMH","Menorca Airport",39.86259842,4.218649864,"Temperate"
"431","IXB","VEBD","Bagdogra Airport",26.68120003,88.32859802,"Temperate"
"432","BGW","ORBI","Baghdad International Airport / New Al Muthana Air Base",33.262501,44.2346,"Temperate"
"433","CBR","YSCB","Canberra International Airport",-35.30690002,149.1950073,"Temperate"
"434","SDJ","RJSS","Sendai Airport",38.139702,140.917007,"Temperate"
"435","GUA","MGGT","La Aurora Airport",14.5833,-90.527496,"Tropical"
"436","NAG","VANP","Dr. Babasaheb Ambedkar International Airport",21.092199,79.047203,"Tropical"
"437","VIX","SBVT","Eurico de Aguiar Salles Airport",-20.258057,-40.286388,"Tropical"
"438","VNS","VEBN","Lal Bahadur Shastri Airport",25.452129,82.861805,"Temperate"
"439","LIH","PHLI","Lihue Airport",21.97599983,-159.3390045,"Tropical"
"440","POS","TTPP","Piarco International Airport",10.59539986,-61.33720016,"Tropical"
"441","LOP","WADL","Lombok International Airport",-8.757322,116.276675,"Tropical"
"442","WRO","EPWR","Copernicus Wrocław Airport",51.10269928,16.88579941,"Temperate"
"443","BDO","WICC","Husein Sastranegara International Airport",-6.900629997,107.5759964,"Tropical"
"444","GYN","SBGO","Santa Genoveva Airport",-16.63199997,-49.22069931,"Tropical"
"445","IDR","VAID","Devi Ahilyabai Holkar Airport",22.72179985,75.80110168,"Tropical"
"446","VVO","UHWW","Vladivostok International Airport",43.396256,132.148155,"Temperate"
"447","CJB","VOCB","Coimbatore International Airport",11.02999973,77.04340363,"Tropical"
"448","BLL","EKBI","Billund Airport",55.74029922,9.151780128,"Temperate"
"449","SFB","KSFB","Orlando Sanford International Airport",28.77759933,-81.23750305,"Temperate"
"450","OLB","LIEO","Olbia Costa Smeralda Airport",40.898701,9.51763,"Temperate"
"451","KNH","RCBS","Kinmen Airport",24.4279,118.359001,"Temperate"
"452","KRT","HSSK","Khartoum International Airport",15.5895,32.5532,"Tropical"
"453","WMI","EPMO","Modlin Airport",52.451099,20.6518,"Temperate"
"454","MZG","RCQC","Penghu Magong Airport",23.568701,119.627998,"Temperate"
"455","SPU","LDSP","Split Airport",43.53889847,16.29800034,"Temperate"
"456","ZHA","ZGZJ","Zhanjiang Xintang Airport",21.214399,110.358002,"Tropical"
"457","KMJ","RJFT","Kumamoto Airport",32.83729935,130.8549957,"Temperate"
"458","BHM","KBHM","Birmingham-Shuttlesworth International Airport",33.56290054,-86.75350189,"Temperate"
"459","ALB","KALB","Albany International Airport",42.74829865,-73.80169678,"Temperate"
"460","SXR","VISR","Sheikh ul Alam Airport",33.98709869,74.77420044,"Temperate"
"461","TUL","KTUL","Tulsa International Airport",36.19839859,-95.88809967,"Temperate"
"462","NTG","ZSNT","Nantong Airport",32.07080078,120.9759979,"Temperate"
"463","SUF","LICA","Lamezia Terme Airport",38.905399,16.2423,"Temperate"
"464","EVN","UDYZ","Zvartnots International Airport",40.14730072,44.39590073,"Temperate"
"465","UKB","RJBE","Kobe Airport",34.63280106,135.223999,"Temperate"
"466","LGK","WMKL","Langkawi International Airport",6.329730034,99.72869873,"Tropical"
"467","CGB","SBCY","Marechal Rondon Airport",-15.65289974,-56.11669922,"Tropical"
"468","MYJ","RJOM","Matsuyama Airport",33.82720184,132.6999969,"Temperate"
"469","RMQ","RCMQ","Taichung International Airport / Ching Chuang Kang Air Base",24.2647,120.621002,"Temperate"
"470","NGS","RJFU","Nagasaki Airport",32.91690063,129.9140015,"Temperate"
"471","MAO","SBEG","Eduardo Gomes International Airport",-3.03861,-60.049702,"Tropical"
"472","KIV","LUKK","Chişinău International Airport",46.92770004,28.93099976,"Temperate"
"473","VTZ","VOVZ","Visakhapatnam Airport",17.721201,83.224503,"Tropical"
"474","YIH","ZHYC","Yichang Sanxia Airport",30.55655,111.479988,"Temperate"
"475","SAV","KSAV","Savannah Hilton Head International Airport",32.12760162,-81.20210266,"Temperate"
"476","KZN","UWKD","Kazan International Airport",55.60620117,49.27870178,"Temperate"
"477","CFU","LGKR","Ioannis Kapodistrias International Airport",39.60189819,19.9116993,"Temperate"
"478","CCS","SVMI","Simón Bolívar International Airport",10.601194,-66.991222,"Tropical"
"479","YTZ","CYTZ","Billy Bishop Toronto City Centre Airport",43.627499,-79.396202,"Temperate"
"480","FNC","LPMA","Madeira Airport",32.697899,-16.7745,"Temperate"
"481","HIJ","RJOA","Hiroshima Airport",34.4361,132.919006,"Temperate"
"482","DSM","KDSM","Des Moines International Airport",41.5340004,-93.6631012,"Temperate"
"483","TLL","EETN","Lennart Meri Tallinn Airport",59.41329956,24.83279991,"Temperate"
"484","ILO","RPVI","Iloilo International Airport",10.833017,122.493358,"Tropical"
"485","SCQ","LEST","Santiago de Compostela Airport",42.89630127,-8.415140152,"Temperate"
"486","FLR","LIRQ","Peretola Airport",43.810001,11.2051,"Temperate"
"487","CEI","VTCT","Mae Fah Luang - Chiang Rai International Airport",19.952299,99.882896,"Tropical"
"488","PFO","LCPH","Paphos International Airport",34.7179985,32.4856987,"Temperate"
"489","ROV","URRP","Platov International Airport",47.493888,39.924722,"Temperate"
"490","MDC","WAMM","Sam Ratulangi Airport",1.54926002,124.9260025,"Tropical"
"491","CJJ","RKTU","Cheongju International Airport/Cheongju Air Base (K-59/G-513)",36.717008,127.498741,"Temperate"
"492","SZB","WMSA","Sultan Abdul Aziz Shah International Airport",3.130579948,101.5490036,"Tropical"
"493","ACC","DGAA","Kotoka International Airport",5.6051898,-0.166786,"Tropical"
"494","HBA","YMHB","Hobart International Airport",-42.83610153,147.5099945,"Temperate"
"495","ATQ","VIAR","Sri Guru Ram Dass Jee International Airport",31.70960045,74.79730225,"Temperate"
"496","WEH","ZSWH","Weihai Airport",37.18709946,122.2289963,"Temperate"
"497","DJJ","WAJJ","Sentani International Airport",-2.57695,140.516006,"Tropical"
"498","CLJ","LRCL","Cluj-Napoca International Airport",46.785198,23.686199,"Temperate"
"499","LPB","SLLP","El Alto International Airport",-16.51329994,-68.19229889,"Tropical"
"500","DYG","ZGDY","Dayong Airport",29.1028,110.443001,"Temperate"
"501","MID","MMMD","Licenciado Manuel Crescencio Rejon Int Airport",20.93700027,-89.65769959,"Tropical"
"502","DBV","LDDU","Dubrovnik Airport",42.56140137,18.26819992,"Temperate"
"503","XUZ","ZSXZ","Xuzhou Guanyin Airport",34.059056,117.555278,"Temperate"
"504","BAQ","SKBQ","Ernesto Cortissoz International Airport",10.8896,-74.7808,"Tropical"
"505","DTM","EDLW","Dortmund Airport",51.5182991,7.612239838,"Temperate"
"506","AUA","TNCA","Queen Beatrix International Airport",12.5014,-70.015198,"Tropical"
"507","BJX","MMLO","Del Bajío International Airport",20.9935,-101.481003,"Tropical"
"508","HUZ","ZGHZ","Huizhou Pingtan Airport",23.049999,114.599998,"Tropical"
"509","BDS","LIBR","Brindisi Airport",40.6576,17.947001,"Temperate"
"510","IEV","UKKK","Kiev Zhuliany International Airport",50.40194,30.45194,"Temperate"
"511","PSP","KPSP","Palm Springs International Airport",33.8297,-116.507004,"Temperate"
"512","KUF","UWWW","Kurumoch International Airport",53.50490189,50.16429901,"Temperate"
"513","BMA","ESSB","Stockholm-Bromma Airport",59.35440063,17.94169998,"Temperate"
"514","KMI","RJFM","Miyazaki Airport",31.87719917,131.4490051,"Temperate"
"515","MYR","KMYR","Myrtle Beach International Airport",33.67969894,-78.92829895,"Temperate"
"516","ROC","KROC","Greater Rochester International Airport",43.1189003,-77.67240143,"Temperate"
"517","SYR","KSYR","Syracuse Hancock International Airport",43.11119843,-76.10630035,"Temperate"
"518","ORK","EICK","Cork Airport",51.84130096,-8.491109848,"Temperate"
"519","UFA","UWUU","Ufa International Airport",54.55749893,55.87440109,"Temperate"
"520","IXR","VERC","Birsa Munda Airport",23.31430054,85.32170105,"Tropical"
"521","YTY","ZSYA","Yangzhou Taizhou Airport",32.5634,119.7198,"Temperate"
"522","DSS","GOBD","Blaise Diagne International Airport",14.67,-17.073333,"Tropical"
"523","UTH","VTUD","Udon Thani Airport",17.38640022,102.788002,"Tropical"
"524","KLO","RPVK","Kalibo International Airport",11.67940044,122.3759995,"Tropical"
"525","VTE","VLVT","Wattay International Airport",17.98830032,102.5630035,"Tropical"
"526","GSP","KGSP","Greenville Spartanburg International Airport",34.895699,-82.218903,"Temperate"
"527","KHG","ZWSH","Kashgar Airport",39.54290009,76.01999664,"Temperate"
"528","CBB","SLCB","Jorge Wilsterman International Airport",-17.42110062,-66.17710114,"Tropical"
"529","HPH","VVCI","Cat Bi International Airport",20.81940079,106.7249985,"Tropical"
"530","HLD","ZBLA","Hulunbuir Hailar Airport",49.205002,119.824997,"Temperate"
"531","NAN","NFFN","Nadi International Airport",-17.7553997,177.4429932,"Tropical"
"532","BHD","EGAC","George Best Belfast City Airport",54.61809921,-5.872499943,"Temperate"
"533","TYS","KTYS","McGhee Tyson Airport",35.81100082,-83.9940033,"Temperate"
"534","MYY","WBGR","Miri Airport",4.32201004,113.9869995,"Tropical"
"535","YCU","ZBYC","Yuncheng Guangong Airport",35.116391,111.0313889,"Temperate"
"536","ABZ","EGPD","Aberdeen Dyce Airport",57.20190048,-2.197779894,"Temperate"
"537","CUL","MMCL","Bachigualato Federal International Airport",24.7645,-107.474998,"Temperate"
"538","LEJ","EDDP","Leipzig/Halle Airport",51.423889,12.236389,"Temperate"
"539","ISG","ROIG","New Ishigaki Airport",24.396389,124.245,"Temperate"
"540","ZQN","NZQN","Queenstown International Airport",-45.021099,168.738998,"Temperate"
"541","GZT","LTAJ","Gaziantep International Airport",36.94720078,37.47869873,"Temperate"
"542","BHY","ZGBH","Beihai Fucheng Airport",21.5394,109.293999,"Tropical"
"543","NYO","ESKN","Stockholm Skavsta Airport",58.788601,16.912201,"Temperate"
"544","DSN","ZBDS","Ordos Ejin Horo Airport",39.49,109.8613889,"Temperate"
"545","UYN","ZLYL","Yulin Yuyang Airport",38.35971,109.590927,"Temperate"
"546","BGI","TBPB","Grantley Adams International Airport",13.0746,-59.4925,"Tropical"
"547","IKT","UIII","Irkutsk Airport",52.26800156,104.3889999,"Temperate"
"548","RUN","FMEE","Roland Garros Airport",-20.88710022,55.51029968,"Tropical"
"549","TKG","WILL","Radin Inten II International Airport",-5.240556,105.175556,"Tropical"
"550","MRV","URMM","Mineralnyye Vody Airport",44.22510147,43.08190155,"Temperate"
"551","GIZ","OEGN","Jizan Regional Airport / King Abdullah bin Abdulaziz Airport",16.9011,42.5858,"Tropical"
"552","RPR","VERP","Swami Vivekananda Airport",21.180401,81.7388,"Tropical"
"553","KJA","UNKL","Krasnoyarsk International Airport",56.173077,92.492437,"Temperate"
"554","IXC","VICG","Chandigarh Airport",30.67350006,76.78849792,"Temperate"
"555","KRL","ZWKL","Korla Airport",41.69779968,86.12889862,"Temperate"
"556","SKP","LWSK","Skopje International Airport",41.961601,21.621401,"Temperate"
"557","CJC","SCCF","El Loa Airport",-22.49819946,-68.9036026,"Tropical"
"558","MSN","KMSN","Dane County Regional Truax Field",43.13990021,-89.33750153,"Temperate"
"559","IGU","SBFI","Cataratas International Airport",-25.60027885,-54.48500061,"Temperate"
"560","NAT","SBSG","São Gonçalo do Amarante - Governador Aluízio Alves International Airport",-5.769804,-35.366578,"Tropical"
"561","DAR","HTDA","Julius Nyerere International Airport",-6.87811,39.202599,"Tropical"
"562","CGY","RPMY","Laguindingan Airport",8.612203,124.456496,"Tropical"
"563","ABJ","DIAP","Félix-Houphouët-Boigny International Airport",5.26139,-3.92629,"Tropical"
"564","ASB","UTAA","Ashgabat International Airport",37.986801,58.361,"Temperate"
"565","SMR","SKSM","Simón Bolívar International Airport",11.1196,-74.2306,"Tropical"
"566","PPS","RPVP","Puerto Princesa Airport",9.742119789,118.7590027,"Tropical"
"567","USM","VTSM","Samui Airport",9.547789574,100.0619965,"Tropical"
"568","TOS","ENTC","Tromsø Airport",69.6832962,18.91889954,"Frigid"
"569","KGD","UMKK","Khrabrovo Airport",54.88999939,20.59259987,"Temperate"
"570","PNS","KPNS","Pensacola International Airport",30.4734,-87.1866,"Temperate"
"571","YLW","CYLW","Kelowna International Airport",49.9561,-119.377998,"Temperate"
"572","ANF","SCFA","Andrés Sabella Gálvez International Airport",-23.444501,-70.445099,"Temperate"
"573","BRE","EDDW","Bremen Airport",53.04750061,8.786669731,"Temperate"
"574","PTP","TFFR","Pointe-à-Pitre Le Raizet",16.265301,-61.531799,"Tropical"
"575","PIE","KPIE","St Petersburg Clearwater International Airport",27.91020012,-82.68740082,"Temperate"
"576","KOE","WATT","El Tari Airport",-10.17160034,123.6709976,"Tropical"
"577","CHQ","LGSA","Chania International Airport",35.53170013,24.14970016,"Temperate"
"578","MDZ","SAME","El Plumerillo Airport",-32.83169937,-68.79290009,"Temperate"
"579","PRN","BKPR","Priština Adem Jashari International Airport",42.5728,21.035801,"Temperate"
"580","KBL","OAKB","Hamid Karzai International Airport",34.565899,69.212303,"Temperate"
"581","KGS","LGKO","Kos Airport",36.79330063,27.0916996,"Temperate"
"582","PWM","KPWM","Portland International Jetport",43.646198,-70.309303,"Temperate"
"583","JTR","LGSR","Santorini Airport",36.39920044,25.47929955,"Temperate"
"584","LIT","KLIT","Bill & Hillary Clinton National Airport/Adams Field",34.72940063,-92.22429657,"Temperate"
"585","ASR","LTAU","Kayseri Erkilet Airport",38.770401,35.49539948,"Temperate"
"586","HBE","HEBA","Borg El Arab International Airport",30.91769981,29.69639969,"Temperate"
"587","LYI","ZSLY","Shubuling Airport",35.04610062,118.4120026,"Temperate"
"588","DRW","YPDN","Darwin International Airport",-12.41469955,130.8769989,"Tropical"
"589","LAD","FNLU","Quatro de Fevereiro Airport",-8.85837,13.2312,"Tropical"
"590","GSO","KGSO","Piedmont Triad International Airport",36.09780121,-79.93730164,"Temperate"
"591","TRF","ENTO","Sandefjord Airport, Torp",59.18669891,10.25860024,"Temperate"
"592","LUM","ZPMS","Dehong Mangshi Airport",24.4011,98.5317,"Temperate"
"593","BAV","ZBOW","Baotou Airport",40.56000137,109.9970016,"Temperate"
"594","ADZ","SKSP","Gustavo Rojas Pinilla International Airport",12.5836,-81.7112,"Tropical"
"595","MDL","VYMD","Mandalay International Airport",21.70219994,95.97789764,"Tropical"
"596","SOC","WAHQ","Adisumarmo International Airport",-7.513564,110.750494,"Tropical"
"597","KHV","UHHH","Khabarovsk-Novy Airport",48.52799988,135.1880035,"Temperate"
"598","KOS","VDSV","Sihanoukville International Airport",10.5797,103.637001,"Tropical"
"599","BTS","LZIB","M. R. Štefánik Airport",48.17020035,17.21269989,"Temperate"
"600","MCZ","SBMO","Zumbi dos Palmares Airport",-9.510809898,-35.79169846,"Tropical"
"601","TAK","RJOT","Takamatsu Airport",34.21419907,134.0160065,"Temperate"
"602","LIL","LFQQ","Lille-Lesquin Airport",50.563332,3.086886,"Temperate"
"603","SYZ","OISS","Shiraz Shahid Dastghaib International Airport",29.5392,52.589802,"Temperate"
"604","HIA","ZSSH","Lianshui Airport",33.79083333,119.125,"Temperate"
"605","SSH","HESH","Sharm El Sheikh International Airport",27.97730064,34.39500046,"Temperate"
"606","BZE","MZBZ","Philip S. W. Goldson International Airport",17.53910065,-88.30819702,"Tropical"
"607","AGA","GMAD","Al Massira Airport",30.322478,-9.412003,"Temperate"
"608","YYJ","CYYJ","Victoria International Airport",48.64690018,-123.4260025,"Temperate"
"609","PGK","WIPK","Pangkal Pinang (Depati Amir) Airport",-2.162199974,106.1389999,"Tropical"
"610","SOQ","WASS","Domine Eduard Osok Airport",-0.894,131.287,"Tropical"
"611","YNZ","ZSYN","Yancheng Airport",33.425833,120.203056,"Temperate"
"612","HLA","FALA","Lanseria Airport",-25.93849945,27.92609978,"Temperate"
"613","VII","VVVH","Vinh Airport",18.73760033,105.6709976,"Tropical"
"614","FRU","UCFM","Manas International Airport",43.06129837,74.4776001,"Temperate"
"615","MVD","SUMU","Carrasco International /General C L Berisso Airport",-34.838402,-56.0308,"Temperate"
"616","SEN","EGMC","Southend Airport",51.5714,0.695556,"Temperate"
"617","YIW","ZSYW","Yiwu Airport",29.34469986,120.0319977,"Temperate"
"618","MMX","ESMS","Malmö Sturup Airport",55.53630536,13.37619781,"Temperate"
"619","BOJ","LBBG","Burgas Airport",42.56959915,27.51519966,"Temperate"
"620","KWJ","RKJJ","Gwangju Airport",35.123173,126.805444,"Temperate"
"621","FDF","TFFF","Martinique Aimé Césaire International Airport",14.5909996,-61.00320053,"Tropical"
"622","MPH","RPVE","Godofredo P. Ramos Airport",11.9245,121.954002,"Tropical"
"623","IXE","VOML","Mangalore International Airport",12.9612999,74.89009857,"Tropical"
"624","POM","AYPY","Port Moresby Jacksons International Airport",-9.443380356,147.2200012,"Tropical"
"625","MPL","LFMT","Montpellier-Méditerranée Airport",43.57619858,3.963010073,"Temperate"
"626","KKC","VTUK","Khon Kaen Airport",16.46660042,102.7839966,"Tropical"
"627","DLU","ZPDL","Dali Airport",25.649401,100.319,"Temperate"
"628","FAT","KFAT","Fresno Yosemite International Airport",36.776199,-119.718002,"Temperate"
"629","TJM","USTR","Roshchino International Airport",57.1896019,65.32430267,"Temperate"
"630","AQP","SPQU","Rodríguez Ballón International Airport",-16.34110069,-71.58309937,"Tropical"
"631","BGA","SKBG","Palonegro Airport",7.1265,-73.1848,"Tropical"
"632","POZ","EPPO","Poznań-Ławica Airport",52.42100143,16.82629967,"Temperate"
"633","ZYI","ZUZY","Zunyi Xinzhou Airport",27.5895,107.0007,"Temperate"
"634","NVT","SBNF","Ministro Victor Konder International Airport",-26.879999,-48.651402,"Temperate"
"635","EBL","ORER","Erbil International Airport",36.23759842,43.96319962,"Temperate"
"636","NJF","ORNI","Al Najaf International Airport",31.989853,44.404317,"Temperate"
"637","SRQ","KSRQ","Sarasota Bradenton International Airport",27.39539909,-82.55439758,"Temperate"
"638","HUI","VVPB","Phu Bai International Airport",16.401501,107.703003,"Tropical"
"639","PEI","SKPE","Matecaña International Airport",4.81267,-75.7395,"Tropical"
"640","YQB","CYQB","Quebec Jean Lesage International Airport",46.7911,-71.393303,"Temperate"
"641","URT","VTSB","Surat Thani Airport",9.132599831,99.13559723,"Tropical"
"642","SBW","WBGS","Sibu Airport",2.261600018,111.9850006,"Tropical"
"643","GRO","LEGE","Girona Airport",41.90100098,2.760550022,"Temperate"
"644","DLI","VVDL","Lien Khuong Airport",11.75,108.366997,"Tropical"
"645","YNJ","ZYYJ","Yanji Chaoyangchuan Airport",42.88280106,129.451004,"Temperate"
"646","PMC","SCTE","El Tepual Airport",-41.43889999,-73.09400177,"Temperate"
"647","KBR","WMKC","Sultan Ismail Petra Airport",6.16685009,102.2929993,"Tropical"
"648","BWN","WBSB","Brunei International Airport",4.944200039,114.9280014,"Tropical"
"649","CGP","VGEG","Shah Amanat International Airport",22.249599,91.813301,"Tropical"
"650","IXZ","VOPB","Vir Savarkar International Airport",11.64120007,92.72969818,"Tropical"
"651","LZO","ZULZ","Luzhou Yunlong Airport",29.030357,105.468407,"Temperate"
"652","ORN","DAOO","Oran International Airport Ahmed Ben Bella",35.623901,-0.621183,"Temperate"
"653","TSV","YBTL","Townsville Airport / RAAF Base Townsville",-19.252904,146.766512,"Tropical"
"654","HMO","MMHO","General Ignacio P. Garcia International Airport",29.09589958,-111.0479965,"Temperate"
"655","STV","VASU","Surat Airport",21.1140995,72.7417984,"Tropical"
"656","PDL","LPPD","João Paulo II Airport",37.74119949,-25.69790077,"Temperate"
"657","BPS","SBPS","Porto Seguro Airport",-16.438601,-39.080898,"Tropical"
"658","TWU","WBKW","Tawau Airport",4.320159912,118.1279984,"Tropical"
"659","BOO","ENBO","Bodø Airport",67.26920319,14.36530018,"Frigid"
"660","XNA","KXNA","Northwest Arkansas Regional Airport",36.281898,-94.306801,"Temperate"
"661","SOU","EGHI","Southampton Airport",50.95029831,-1.35679996,"Temperate"
"662","KIN","MKJP","Norman Manley International Airport",17.93569946,-76.78749847,"Tropical"
"663","AKU","ZWAK","Aksu Onsu Airport",41.262501,80.291702,"Temperate"
"664","PLZ","FAPE","Port Elizabeth International Airport",-33.984901,25.6173,"Temperate"
"665","UBP","VTUU","Ubon Ratchathani Airport",15.25129986,104.8700027,"Tropical"
"666","AZA","KIWA","Phoenix-Mesa-Gateway Airport",33.3078,-111.654999,"Temperate"
"667","PKX","ZBAD","Beijing Daxing International Airport",39.509945,116.41092,"Temperate"
"668","MHT","KMHT","Manchester-Boston Regional Airport",42.932598,-71.435699,"Temperate"
"669","IXJ","VIJU","Jammu Airport",32.688849,74.838152,"Temperate"
"670","FMM","EDJA","Memmingen Allgau Airport",47.98880005,10.23950005,"Temperate"
"671","EBB","HUEN","Entebbe International Airport",0.042386,32.443501,"Tropical"
"672","LJU","LJLJ","Ljubljana Jože Pučnik Airport",46.223701,14.4576,"Temperate"
"673","ICT","KICT","Wichita Eisenhower National Airport",37.649899,-97.433098,"Temperate"
"674","DAY","KDAY","James M Cox Dayton International Airport",39.90240097,-84.2193985,"Temperate"
"675","LWO","UKLL","Lviv International Airport",49.8125,23.95610046,"Temperate"
"676","TUU","OETB","Tabuk Airport",28.3654,36.6189,"Temperate"
"677","CIF","ZBCF","Chifeng Airport",42.23500061,118.9079971,"Temperate"
"678","HPN","KHPN","Westchester County Airport",41.06700134,-73.70760345,"Temperate"
"679","BCD","RPVB","Bacolod-Silay Airport",10.7764,123.014999,"Tropical"
"680","RTM","EHRD","Rotterdam The Hague Airport",51.956902,4.43722,"Temperate"
"681","TRZ","VOTR","Tiruchirappalli International Airport",10.7654,78.709702,"Tropical"
"682","DIY","LTCC","Diyarbakir Airport",37.89390183,40.20100021,"Temperate"
"683","COS","KCOS","City of Colorado Springs Municipal Airport",38.805801,-104.700996,"Temperate"
"684","CUU","MMCU","General Roberto Fierro Villalobos International Airport",28.70289993,-105.9649963,"Temperate"
"685","JER","EGJJ","Jersey Airport",49.207901,-2.195509911,"Temperate"
"686","MMY","ROMY","Miyako Airport",24.78280067,125.2949982,"Temperate"
"687","KOW","ZSGZ","Ganzhou Airport",25.853333,114.778889,"Temperate"
"688","KCZ","RJOK","Kochi Ryoma Airport",33.546101,133.669006,"Temperate"
"689","KMQ","RJNK","Komatsu Airport / JASDF Komatsu Air Base",36.3946,136.406998,"Temperate"
"690","STI","MDST","Cibao International Airport",19.40609932,-70.60469818,"Tropical"
"691","SGC","USRR","Surgut Airport",61.34370041,73.40180206,"Temperate"
"692","CCP","SCIE","Carriel Sur Airport",-36.772701,-73.063103,"Temperate"
"693","HTN","ZWTN","Hotan Airport",37.03850174,79.86489868,"Temperate"
"694","SLZ","SBSL","Marechal Cunha Machado International Airport",-2.58536005,-44.23410034,"Tropical"
"695","OIT","RJFO","Oita Airport",33.47940063,131.7369995,"Temperate"
"696","CWL","EGFF","Cardiff International Airport",51.39670181,-3.343329906,"Temperate"
"697","VPS","KVPS","Destin-Fort Walton Beach Airport",30.4832,-86.525398,"Temperate"
"698","DJB","WIJJ","Sultan Thaha Airport",-1.63802,103.643997,"Tropical"
"699","PLW","WAML","Mutiara Airport",-0.918542027,119.9100037,"Tropical"
"700","IXM","VOMD","Madurai Airport",9.83450985,78.09339905,"Tropical"
"701","SZG","LOWS","Salzburg Airport",47.79330063,13.00430012,"Temperate"
"702","XFN","ZHXF","Xiangyang Liuji Airport",32.1506,112.291,"Temperate"
"703","TSR","LRTR","Timişoara Traian Vuia Airport",45.80989838,21.33790016,"Temperate"
"704","YXE","CYXE","Saskatoon John G. Diefenbaker International Airport",52.17079926,-106.6999969,"Temperate"
"705","LYG","ZSLG","Lianyungang Airport",34.571667,118.873611,"Temperate"
"706","PGD","KPGD","Charlotte County Airport",26.92020035,-81.9905014,"Temperate"
"707","AVL","KAVL","Asheville Regional Airport",35.436199,-82.541801,"Temperate"
"708","CJS","MMCS","Abraham González International Airport",31.63610077,-106.4290009,"Temperate"
"709","YIN","ZWYN","Yining Airport",43.955799,81.330299,"Temperate"
"710","TRK","WAQQ","Juwata Airport",3.326667,117.569444,"Tropical"
"711","LZH","ZGZH","Liuzhou Bailian Airport",24.2075,109.390999,"Temperate"
"712","SNN","EINN","Shannon Airport",52.702,-8.92482,"Temperate"
"713","FEZ","GMFF","Saïss Airport",33.9272995,-4.97796011,"Temperate"
"714","IQQ","SCDA","Diego Aracena Airport",-20.53520012,-70.1812973,"Tropical"
"715","BZN","KBZN","Gallatin Field",45.77750015,-111.1529999,"Temperate"
"716","OKJ","RJOB","Okayama Momotaro Airport",34.756901,133.854996,"Temperate"
"717","ELQ","OEGS","Gassim Airport",26.30279922,43.7743988,"Temperate"
"718","UTP","VTBU","U-Tapao International Airport",12.67990017,101.0049973,"Tropical"
"719","ISP","KISP","Long Island Mac Arthur Airport",40.79520035,-73.10019684,"Temperate"
"720","CGR","SBCG","Campo Grande Airport",-20.46870041,-54.67250061,"Tropical"
"721","BRC","SAZS","San Carlos De Bariloche Airport",-41.151199,-71.157501,"Temperate"
"722","GOA","LIMJ","Genoa Cristoforo Colombo Airport",44.4133,8.8375,"Temperate"
"723","CNN","VOKN","Kannur International Airport",11.918614,75.547211,"Tropical"
"724","JMK","LGMK","Mikonos Airport",37.43510056,25.34810066,"Temperate"
"725","ODS","UKOO","Odessa International Airport",46.42679977,30.67650032,"Temperate"
"726","YYT","CYYT","St. John's International Airport",47.61859894,-52.75189972,"Temperate"
"727","AJA","LFKJ","Ajaccio-Napoléon Bonaparte Airport",41.92359924,8.802920341,"Temperate"
"728","DJE","DTTJ","Djerba Zarzis International Airport",33.875,10.7755003,"Temperate"
"729","DRS","EDDC","Dresden Airport",51.13280106,13.76720047,"Temperate"
"730","CEK","USCC","Chelyabinsk Balandino Airport",55.305801,61.5033,"Temperate"
"731","MDT","KMDT","Harrisburg International Airport",40.19350052,-76.76339722,"Temperate"
"732","AAQ","URKA","Anapa Vityazevo Airport",45.0021019,37.34730148,"Temperate"
"733","PEE","USPP","Perm International Airport",57.914501,56.021198,"Temperate"
"734","SPC","GCLA","La Palma Airport",28.626499,-17.7556,"Temperate"
"735","VER","MMVR","General Heriberto Jara International Airport",19.14590073,-96.18730164,"Tropical"
"736","TGZ","MMTG","Angel Albino Corzo International Airport",16.56360054,-93.02249908,"Tropical"
"737","DWC","OMDW","Al Maktoum International Airport",24.896356,55.161389,"Temperate"
"738","VAR","LBWN","Varna Airport",43.232101,27.8251,"Temperate"
"739","AAL","EKYT","Aalborg Airport",57.09275891,9.849243164,"Temperate"
"740","ASU","SGAS","Silvio Pettirossi International Airport",-25.23999977,-57.52000046,"Temperate"
"741","HHN","EDFH","Frankfurt-Hahn Airport",49.9487,7.26389,"Temperate"
"742","BIA","LFKB","Bastia-Poretta Airport",42.55270004,9.483730316,"Temperate"
"743","UDR","VAUD","Maharana Pratap Airport",24.61770058,73.89610291,"Temperate"
"744","AXT","RJSK","Akita Airport",39.61560059,140.2189941,"Temperate"
"745","TCZ","ZUTC","Tengchong Tuofeng Airport",24.93805556,98.48583333,"Temperate"
"746","SXB","LFST","Strasbourg Airport",48.53829956,7.628230095,"Temperate"
"747","SXM","TNCM","Princess Juliana International Airport",18.04100037,-63.10889816,"Tropical"
"748","SZF","LTFH","Samsun Çarşamba Airport",41.254501,36.567101,"Temperate"
"749","LST","YMLT","Launceston Airport",-41.54529953,147.2140045,"Temperate"
"750","KGL","HRYR","Kigali International Airport",-1.96863,30.1395,"Tropical"
"751","HKD","RJCH","Hakodate Airport",41.77000046,140.8220062,"Temperate"
"752","UIH","VVPC","Phu Cat Airport",13.955,109.042,"Tropical"
"753","DED","VIDN","Dehradun Airport",30.189699,78.180298,"Temperate"
"754","HSN","ZSZS","Zhoushan Airport",29.93420029,122.3619995,"Temperate"
"755","HSV","KHSV","Huntsville International Carl T Jones Field",34.6371994,-86.77510071,"Temperate"
"756","ZIA","UUBW","Zhukovsky International Airport",55.553299,38.150002,"Temperate"
"757","LEX","KLEX","Blue Grass Airport",38.03649902,-84.60590363,"Temperate"
"758","DYU","UTDD","Dushanbe Airport",38.54330063,68.82499695,"Temperate"
"759","AMQ","WAPP","Pattimura Airport, Ambon",-3.710259914,128.0890045,"Tropical"
"760","VCA","VVCT","Can Tho International Airport",10.08510017,105.711998,"Tropical"
"761","IXA","VEAT","Agartala Airport",23.88699913,91.24040222,"Temperate"
"762","ZTH","LGZA","Zakynthos International Airport ""Dionysios Solomos""",37.7509,20.8843,"Temperate"
"763","MCX","URML","Uytash Airport",42.81679916,47.65230179,"Temperate"
"764","LYA","ZHLY","Luoyang Airport",34.74110031,112.3880005,"Temperate"
"765","TNG","GMTT","Tangier Ibn Battouta Airport",35.726898,-5.91689,"Temperate"
"766","CUR","TNCC","Hato International Airport",12.1889,-68.959801,"Tropical"
"767","OVD","LEAS","Asturias Airport",43.56359863,-6.034619808,"Temperate"
"768","DSA","EGCN","Robin Hood Doncaster Sheffield Airport",53.48053781,-1.010656357,"Temperate"
"769","TAG","RPSP","Bohol-Panglao International Airport",9.566667,123.775,"Tropical"
"770","BTV","KBTV","Burlington International Airport",44.47190094,-73.15329742,"Temperate"
"771","IGR","SARI","Cataratas Del Iguazú International Airport",-25.737301,-54.4734,"Temperate"
"772","OSS","UCFO","Osh Airport",40.60900116,72.79329681,"Temperate"
"773","GCM","MWCR","Owen Roberts International Airport",19.2928009,-81.35769653,"Tropical"
"774","BHO","VABP","Raja Bhoj International Airport",23.28750038,77.33740234,"Tropical"
"775","PEW","OPPS","Peshawar International Airport",33.9939003,71.51460266,"Temperate"
"776","VAN","LTCI","Van Ferit Melen Airport",38.46820068,43.33229828,"Temperate"
"777","AHO","LIEA","Alghero-Fertilia Airport",40.632099,8.29077,"Temperate"
"778","MAF","KMAF","Midland International Airport",31.94249916,-102.2020035,"Temperate"
"779","SLL","OOSA","Salalah Airport",17.0387001,54.09130096,"Tropical"
"780","JPA","SBJP","Presidente Castro Pinto International Airport",-7.145833015,-34.94861221,"Tropical"
"781","TKS","RJOS","Tokushima Awaodori Airport / JMSDF Tokushima Air Base",34.132801,134.606995,"Temperate"
"782","NTL","YWLM","Newcastle Airport",-32.79499817,151.8339996,"Temperate"
"783","MBA","HKMO","Moi International Airport",-4.03483,39.5942,"Tropical"
"784","CID","KCID","The Eastern Iowa Airport",41.884701,-91.7108,"Temperate"
"785","LCG","LECO","A Coruña Airport",43.302101,-8.37726,"Temperate"
"786","WMT","ZUMT","Zunyi Maotai Airport",27.81638,106.33268,"Temperate"
"787","FKB","EDSB","Karlsruhe Baden-Baden Airport",48.77939987,8.080499649,"Temperate"
"788","TAC","RPVA","Daniel Z. Romualdez Airport",11.228035,125.027761,"Tropical"
"789","PAP","MTPP","Toussaint Louverture International Airport",18.57999992,-72.29250336,"Tropical"
"790","IMF","VEIM","Imphal Airport",24.76000023,93.896698,"Temperate"
"791","STT","TIST","Cyril E. King Airport",18.33729935,-64.9733963,"Tropical"
"792","HAS","OEHL","Ha'il Airport",27.437901,41.686298,"Temperate"
"793","CAE","KCAE","Columbia Metropolitan Airport",33.93880081,-81.11949921,"Temperate"
"794","PUQ","SCCI","Pdte. Carlos Ibañez del Campo Airport",-53.002602,-70.854599,"Temperate"
"795","MCY","YBSU","Sunshine Coast Airport",-26.6033,153.091003,"Temperate"
"796","SEZ","FSIA","Seychelles International Airport",-4.67434,55.521801,"Tropical"
"797","VRA","MUVR","Juan Gualberto Gomez International Airport",23.03440094,-81.43530273,"Tropical"
"798","MIR","DTMB","Monastir Habib Bourguiba International Airport",35.7580986,10.75469971,"Temperate"
"799","NST","VTSF","Nakhon Si Thammarat Airport",8.539620399,99.94470215,"Tropical"
"800","SLA","SASA","Martin Miguel De Guemes International Airport",-24.8560009,-65.48619843,"Temperate"
"801","WDS","ZHSY","Shiyan Wudangshan Airport",32.591667,110.907778,"Temperate"
"802","SID","GVAC","Amílcar Cabral International Airport",16.7414,-22.9494,"Tropical"
"803","ENH","ZHES","Enshi Airport",30.32029915,109.4850006,"Temperate"
"804","VGA","VOBZ","Vijayawada Airport",16.530399,80.796799,"Tropical"
"805","AVV","YMAV","Avalon Airport",-38.039398,144.468994,"Temperate"
"806","ZNZ","HTZA","Abeid Amani Karume International Airport",-6.22202,39.224899,"Tropical"
"807","GRX","LEGR","Federico Garcia Lorca Airport",37.18870163,-3.777359962,"Temperate"
"808","PLS","MBPV","Providenciales Airport",21.77359962,-72.26589966,"Tropical"
"809","HYN","ZSLQ","Huangyan Luqiao Airport",28.56220055,121.4290009,"Temperate"
"810","NRN","EDLV","Weeze Airport",51.60240173,6.142169952,"Temperate"
"811","TGD","LYPG","Podgorica Airport / Podgorica Golubovci Airbase",42.359402,19.2519,"Temperate"
"812","ULN","ZMUB","Buyant-Ukhaa International Airport",47.843102,106.766998,"Temperate"
"813","PPT","NTAA","Faa'a International Airport",-17.553699,-149.606995,"Tropical"
"814","IAS","LRIA","Iaşi Airport",47.17850113,27.62059975,"Temperate"
"815","AWZ","OIAW","Lieutenant General Qasem Soleimani International Airport",31.3374,48.762001,"Temperate"
"816","ECP","KECP","Northwest Florida Beaches International Airport",30.357106,-85.795414,"Temperate"
"817","MPM","FQMA","Maputo Airport",-25.920799,32.572601,"Temperate"
"818","BDQ","VABO","Vadodara Airport",22.336201,73.226303,"Tropical"
"819","BTU","WBGB","Bintulu Airport",3.123850107,113.0199966,"Tropical"
"820","YQR","CYQR","Regina International Airport",50.43190002,-104.6660004,"Temperate"
"821","LSC","SCSE","La Florida Airport",-29.916201,-71.199501,"Temperate"
"822","VSA","MMVA","Carlos Rovirosa Pérez International Airport",17.99699974,-92.81739807,"Tropical"
"823","HTY","LTDA","Hatay Airport",36.362778,36.282223,"Temperate"
"824","MGA","MNMG","Augusto C. Sandino (Managua) International Airport",12.14150047,-86.16819763,"Tropical"
"825","AOJ","RJSA","Aomori Airport",40.73469925,140.6909943,"Temperate"
"826","BSD","ZPBS","Baoshan Yunduan Airport",25.053301,99.168297,"Temperate"
"827","ACX","ZUYI","Xingyi Airport",25.08638889,104.9594444,"Temperate"
"828","KDI","WAWW","Wolter Monginsidi Airport",-4.081610203,122.4179993,"Tropical"
"829","BES","LFRB","Brest Bretagne Airport",48.44789886,-4.418540001,"Temperate"
"830","EUG","KEUG","Mahlon Sweet Field",44.12459946,-123.211998,"Temperate"
"831","OMS","UNOO","Omsk Central Airport",54.96699905,73.3105011,"Temperate"
"832","ITO","PHTO","Hilo International Airport",19.72139931,-155.0480042,"Tropical"
"833","UUS","UHSS","Yuzhno-Sakhalinsk Airport",46.88869858,142.7180023,"Temperate"
"834","LIR","MRLB","Daniel Oduber Quiros International Airport",10.5933,-85.544403,"Tropical"
"835","VOG","URWW","Volgograd International Airport",48.78250122,44.34550095,"Temperate"
"836","SGF","KSGF","Springfield Branson National Airport",37.24570084,-93.38860321,"Temperate"
"837","MXL","MMML","General Rodolfo Sánchez Taboada International Airport",32.6306,-115.241997,"Temperate"
"838","DAT","ZBDT","Datong Airport",40.060299,113.482002,"Temperate"
"839","SDR","LEXJ","Santander Airport",43.42710114,-3.820009947,"Temperate"
"840","FAI","PAFA","Fairbanks International Airport",64.81510162,-147.8560028,"Temperate"
"841","UDI","SBUL","Ten. Cel. Aviador César Bombonato Airport",-18.883612,-48.225277,"Tropical"
"842","KUN","EYKA","Kaunas International Airport",54.96390152,24.08480072,"Temperate"
"843","HRE","FVRG","Robert Gabriel Mugabe International Airport",-17.931801,31.0928,"Tropical"
"844","ZAM","RPMZ","Zamboanga International Airport",6.922420025,122.0599976,"Tropical"
"845","MUX","OPMT","Multan International Airport",30.20319939,71.4190979,"Temperate"
"846","THE","SBTE","Senador Petrônio Portela Airport",-5.059939861,-42.82350159,"Tropical"
"847","FSD","KFSD","Sioux Falls Regional Airport / Joe Foss Field",43.585463,-96.741152,"Temperate"
"848","OAX","MMOX","Xoxocotlán International Airport",16.99990082,-96.72660065,"Tropical"
"849","YKS","UEEE","Yakutsk Airport",62.09329987,129.7709961,"Temperate"
"850","IQT","SPQT","Coronel FAP Francisco Secada Vignetta International Airport",-3.784739971,-73.30879974,"Tropical"
"851","QRO","MMQT","Querétaro Intercontinental Airport",20.6173,-100.185997,"Tropical"
"852","SJJ","LQSA","Sarajevo International Airport",43.82460022,18.3314991,"Temperate"
"853","XIC","ZUXC","Xichang Qingshan Airport",27.9890995,102.1839981,"Temperate"
"854","EOH","SKMD","Enrique Olaya Herrera Airport",6.220549,-75.590582,"Tropical"
"855","TIF","OETF","Ta’if Regional Airport",21.483001,40.543442,"Tropical"
"856","AES","ENAL","Ålesund Airport",62.5625,6.119699955,"Temperate"
"857","JAN","KJAN","Jackson-Medgar Wiley Evers International Airport",32.31119919,-90.07589722,"Temperate"
"858","NQN","SAZN","Presidente Peron Airport",-38.949001,-68.155701,"Temperate"
"859","AJU","SBAR","Santa Maria Airport",-10.984,-37.070301,"Tropical"
"860","XRY","LEJR","Jerez Airport",36.744598,-6.06011,"Temperate"
"861","BIQ","LFBZ","Biarritz-Anglet-Bayonne Airport",43.4683333,-1.5311111,"Temperate"
"862","SDK","WBKS","Sandakan Airport",5.900899887,118.0589981,"Tropical"
"863","KIJ","RJSN","Niigata Airport",37.95589828,139.1210022,"Temperate"
"864","TNR","FMMI","Ivato Airport",-18.7969,47.478802,"Tropical"
"865","LLA","ESPA","Luleå Airport",65.54380035,22.12199974,"Temperate"
"866","CHA","KCHA","Chattanooga Metropolitan Airport (Lovell Field)",35.035301,-85.203796,"Temperate"
"867","SAP","MHLM","Ramón Villeda Morales International Airport",15.4526,-87.923599,"Tropical"
"868","TAB","TTCP","Tobago-Crown Point Airport",11.14970016,-60.8321991,"Tropical"
"869","KRY","ZWKM","Karamay Airport",45.46655,84.9527,"Temperate"
"870","OUL","EFOU","Oulu Airport",64.930099,25.354601,"Temperate"
"871","DUD","NZDN","Dunedin Airport",-45.92810059,170.197998,"Temperate"
"872","RBA","GMME","Rabat-Salé Airport",34.051498,-6.75152,"Temperate"
"873","MLG","WARA","Abdul Rachman Saleh Airport",-7.92656,112.714996,"Tropical"
"874","RMU","LEMI","Región de Murcia International Airport",37.803,-1.125,"Temperate"
"875","ILM","KILM","Wilmington International Airport",34.27059937,-77.90260315,"Temperate"
"876","KKJ","RJFR","Kitakyushu Airport",33.845901,131.035004,"Temperate"
"877","NSN","NZNS","Nelson Airport",-41.2983017,173.220993,"Temperate"
"878","BTJ","WITT","Sultan Iskandar Muda International Airport",5.522872024,95.42063713,"Tropical"
"879","NNY","ZHNY","Nanyang Jiangying Airport",32.980801,112.614998,"Temperate"
"880","KRS","ENCN","Kristiansand Airport",58.204201,8.08537,"Temperate"
"881","WXN","ZUWX","Wanxian Airport",30.8017,108.433,"Temperate"
"882","MDG","ZYMD","Mudanjiang Hailang International Airport",44.52410126,129.5690002,"Temperate"
"883","PIU","SPUR","Capitán FAP Guillermo Concha Iberico International Airport",-5.205749989,-80.61640167,"Tropical"
"884","CUC","SKCC","Camilo Daza International Airport",7.92757,-72.5115,"Tropical"
"885","MFR","KMFR","Rogue Valley International Medford Airport",42.37419891,-122.8730011,"Temperate"
"886","ACY","KACY","Atlantic City International Airport",39.45759964,-74.57720184,"Temperate"
"887","TBZ","OITT","Tabriz International Airport",38.13389969,46.23500061,"Temperate"
"888","TIV","LYTV","Tivat Airport",42.40470123,18.72330093,"Temperate"
"889","OGU","LTCB","Ordu Giresun Airport",40.966872,38.085995,"Temperate"
"890","LBB","KLBB","Lubbock Preston Smith International Airport",33.663601,-101.822998,"Temperate"
"891","MZT","MMMZ","General Rafael Buelna International Airport",23.1614,-106.265999,"Tropical"
"892","ASJ","RJKA","Amami Airport",28.43059921,129.7129974,"Temperate"
"893","SPN","PGSN","Saipan International Airport",15.119,145.729004,"Tropical"
"894","DLA","FKKD","Douala International Airport",4.006080151,9.719479561,"Tropical"
"895","ANU","TAPA","V.C. Bird International Airport",17.1367,-61.792702,"Tropical"
"896","VGO","LEVX","Vigo Airport",42.23180008,-8.62677002,"Temperate"
"897","GES","RPMR","General Santos International Airport",6.058000088,125.0960007,"Tropical"
"898","MTR","SKMR","Los Garzones Airport",8.82374,-75.8258,"Tropical"
"899","ZCO","SCQP","La Araucanía Airport",-38.9259,-72.6515,"Temperate"
"900","TGG","WMKN","Sultan Mahmud Airport",5.382639885,103.1029968,"Tropical"
"901","NKM","RJNA","Nagoya Airport / JASDF Komaki Air Base",35.255759,136.924095,"Temperate"
"902","RMF","HEMA","Marsa Alam International Airport",25.5571003,34.58369827,"Temperate"
"903","FIH","FZAA","Ndjili International Airport",-4.38575,15.4446,"Tropical"
"904","TJQ","WIKT","H.A.S. Hanandjoeddin International Airport",-2.74572,107.754997,"Tropical"
"905","CGD","ZGCD","Changde Airport",28.91889954,111.6399994,"Temperate"
"906","REU","LERS","Reus Air Base",41.1473999,1.167170048,"Temperate"
"907","TGO","ZBTL","Tongliao Airport",43.556702,122.199997,"Temperate"
